tower_id,lat,lng,operator,signal_score,frequency_mhz,tx_power_dbm,height_m,zone
TWR_0000,12.96458,77.599666,Jio,96.4,2300,40.6,45.9,MG Road
TWR_0001,12.972463,77.592465,Jio,95.2,1800,42.2,38.5,MG Road
TWR_0002,12.972046,77.602209,Jio,86.3,850,41.4,38.3,MG Road
TWR_0003,12.965128,77.60053,Jio,96.3,850,42.1,47.7,MG Road
TWR_0004,12.970557,77.591709,Jio,74.1,1800,42.8,30.8,MG Road
TWR_0005,12.974386,77.597508,Jio,81.9,2300,42.0,54.0,MG Road
TWR_0006,12.975758,77.602221,Airtel,89.1,1800,41.4,39.3,MG Road
TWR_0007,12.976617,77.598266,Airtel,82.3,900,44.8,50.0,MG Road
TWR_0008,12.973076,77.600482,Airtel,91.9,2100,40.0,31.0,MG Road
TWR_0009,12.975861,77.584764,Airtel,86.6,900,42.8,48.4,MG Road
TWR_0010,12.969743,77.604691,Airtel,91.4,1800,43.4,39.1,MG Road
TWR_0011,12.972699,77.598557,Airtel,73.7,2100,41.8,41.8,MG Road
TWR_0012,12.968479,77.600391,Airtel,74.4,1800,41.4,50.6,MG Road
TWR_0013,12.974956,77.595561,Airtel,91.8,1800,43.3,44.9,MG Road
TWR_0014,12.975823,77.592512,Airtel,75.2,1800,40.1,30.0,MG Road
TWR_0015,12.963528,77.597887,Vi,89.7,2100,40.9,40.0,MG Road
TWR_0016,12.976091,77.593935,Vi,81.7,900,43.8,34.0,MG Road
TWR_0017,12.961832,77.585672,Vi,79.4,1800,44.2,52.3,MG Road
TWR_0018,12.98037,77.592195,Vi,79.5,2100,42.7,46.5,MG Road
TWR_0019,12.965187,77.592312,Vi,86.9,900,41.8,31.1,MG Road
TWR_0020,12.967589,77.584839,Vi,83.4,1800,44.3,47.8,MG Road
TWR_0021,12.971748,77.605412,Vi,74.0,900,42.5,27.5,MG Road
TWR_0022,12.980775,77.600237,Vi,87.1,1800,40.6,29.3,MG Road
TWR_0023,12.967282,77.588346,Vi,73.5,2100,43.5,35.4,MG Road
TWR_0024,12.961672,77.587745,Vi,84.7,1800,40.5,48.5,MG Road
TWR_0025,12.974397,77.587921,BSNL,81.0,850,41.6,39.2,MG Road
TWR_0026,12.968796,77.590468,BSNL,76.4,700,45.4,49.8,MG Road
TWR_0027,12.964609,77.583296,BSNL,88.8,700,41.7,45.2,MG Road
TWR_0028,12.983534,77.595479,BSNL,73.9,700,41.4,52.5,MG Road
TWR_0029,12.966705,77.608967,BSNL,80.6,700,44.8,49.9,MG Road
TWR_0030,12.977888,77.597198,BSNL,77.0,850,45.6,32.7,MG Road
TWR_0031,12.968529,77.586327,BSNL,91.0,850,45.4,54.8,MG Road
TWR_0032,12.97268,77.593799,BSNL,88.9,700,44.6,34.5,MG Road
TWR_0033,12.979067,77.597494,BSNL,95.5,850,41.6,47.4,MG Road
TWR_0034,12.942758,77.642613,Jio,87.4,850,41.1,29.6,Koramangala
TWR_0035,12.917937,77.619047,Jio,76.5,2300,43.0,54.2,Koramangala
TWR_0036,12.930938,77.639767,Jio,75.9,2300,44.1,29.0,Koramangala
TWR_0037,12.927462,77.619511,Jio,90.2,2300,44.8,31.0,Koramangala
TWR_0038,12.915962,77.627376,Jio,82.5,1800,45.6,28.7,Koramangala
TWR_0039,12.924951,77.636125,Jio,95.2,1800,41.7,53.7,Koramangala
TWR_0040,12.925885,77.629282,Jio,76.4,1800,40.6,44.0,Koramangala
TWR_0041,12.929954,77.649757,Jio,84.2,850,44.8,53.0,Koramangala
TWR_0042,12.922584,77.62994,Jio,92.1,1800,45.0,28.3,Koramangala
TWR_0043,12.908574,77.625636,Jio,82.9,2300,43.6,51.0,Koramangala
TWR_0044,12.920008,77.626252,Airtel,78.7,2300,41.5,38.6,Koramangala
TWR_0045,12.918029,77.643632,Airtel,87.3,2300,40.4,28.2,Koramangala
TWR_0046,12.930974,77.642658,Airtel,77.0,1800,45.5,29.3,Koramangala
TWR_0047,12.924515,77.625896,Airtel,74.3,1800,40.1,28.5,Koramangala
TWR_0048,12.92999,77.622102,Airtel,80.6,1800,42.4,45.4,Koramangala
TWR_0049,12.928378,77.627101,Airtel,77.4,2100,40.3,50.5,Koramangala
TWR_0050,12.953227,77.645939,Airtel,82.0,2100,40.3,37.5,Koramangala
TWR_0051,12.93025,77.617088,Airtel,95.2,2100,40.3,50.0,Koramangala
TWR_0052,12.912199,77.635447,Airtel,91.7,2300,44.8,54.4,Koramangala
TWR_0053,12.928372,77.62447,Vi,93.6,2100,43.1,41.1,Koramangala
TWR_0054,12.9048,77.624968,Vi,76.4,900,41.6,44.2,Koramangala
TWR_0055,12.91209,77.630052,Vi,80.9,1800,42.2,36.0,Koramangala
TWR_0056,12.927348,77.617624,Vi,95.0,900,45.7,33.9,Koramangala
TWR_0057,12.943491,77.637697,Vi,92.3,1800,43.9,50.5,Koramangala
TWR_0058,12.925231,77.627699,Vi,77.9,1800,44.4,33.6,Koramangala
TWR_0059,12.934941,77.625384,Vi,75.0,2100,44.4,27.9,Koramangala
TWR_0060,12.913752,77.626497,Vi,87.2,1800,44.8,53.8,Koramangala
TWR_0061,12.933638,77.62081,Vi,75.3,2100,43.5,32.6,Koramangala
TWR_0062,12.930708,77.637498,Vi,85.5,2100,42.8,42.2,Koramangala
TWR_0063,12.931625,77.641646,BSNL,75.9,2100,45.6,43.0,Koramangala
TWR_0064,12.913666,77.640384,BSNL,89.1,850,44.6,37.6,Koramangala
TWR_0065,12.937516,77.629196,BSNL,81.7,850,41.6,47.9,Koramangala
TWR_0066,12.926572,77.625727,BSNL,82.2,2100,42.6,53.1,Koramangala
TWR_0067,12.941233,77.620408,BSNL,84.5,700,44.7,53.1,Koramangala
TWR_0068,12.928003,77.639061,BSNL,93.4,700,40.7,53.5,Koramangala
TWR_0069,12.926054,77.609068,BSNL,73.3,2100,44.1,42.6,Koramangala
TWR_0070,12.939686,77.61268,BSNL,80.2,850,42.7,38.8,Koramangala
TWR_0071,12.932618,77.629586,BSNL,94.1,700,46.0,28.3,Koramangala
TWR_0072,12.981501,77.645538,Jio,88.6,850,44.0,55.0,Indiranagar
TWR_0073,12.983531,77.642347,Jio,91.6,2300,40.9,32.2,Indiranagar
TWR_0074,12.983939,77.638142,Jio,73.1,850,40.2,44.7,Indiranagar
TWR_0075,12.983999,77.627347,Jio,74.4,2300,45.1,32.2,Indiranagar
TWR_0076,12.983459,77.638877,Jio,93.1,2300,44.2,48.2,Indiranagar
TWR_0077,12.977933,77.649937,Jio,90.6,1800,40.9,50.5,Indiranagar
TWR_0078,12.972405,77.638383,Jio,87.7,1800,45.9,46.3,Indiranagar
TWR_0079,12.981052,77.633776,Jio,77.2,850,44.3,51.5,Indiranagar
TWR_0080,12.974316,77.637196,Jio,91.8,850,42.8,54.4,Indiranagar
TWR_0081,12.980618,77.643243,Airtel,86.9,2100,41.8,53.4,Indiranagar
TWR_0082,12.985604,77.638562,Airtel,82.7,1800,43.1,29.5,Indiranagar
TWR_0083,12.991569,77.65482,Airtel,80.3,2300,41.7,29.0,Indiranagar
TWR_0084,12.972692,77.643048,Airtel,78.2,1800,42.5,37.4,Indiranagar
TWR_0085,12.964407,77.633258,Airtel,84.4,2100,42.5,26.1,Indiranagar
TWR_0086,12.985865,77.634306,Airtel,88.7,1800,43.9,46.1,Indiranagar
TWR_0087,12.982579,77.63851,Airtel,88.0,2100,42.6,41.5,Indiranagar
TWR_0088,12.979906,77.650474,Vi,85.1,1800,45.5,51.6,Indiranagar
TWR_0089,12.97725,77.635538,Vi,75.8,900,43.0,50.1,Indiranagar
TWR_0090,12.982893,77.648126,Vi,81.0,900,41.7,26.7,Indiranagar
TWR_0091,12.976316,77.647115,Vi,93.6,900,45.0,25.4,Indiranagar
TWR_0092,12.987606,77.646842,Vi,81.8,2100,40.7,43.0,Indiranagar
TWR_0093,12.974731,77.657138,Vi,89.9,1800,44.1,34.3,Indiranagar
TWR_0094,12.976393,77.641471,Vi,85.6,2100,41.3,25.3,Indiranagar
TWR_0095,12.982911,77.636153,Vi,93.1,1800,43.3,54.7,Indiranagar
TWR_0096,12.987417,77.639508,BSNL,91.1,850,40.5,36.8,Indiranagar
TWR_0097,12.980143,77.651362,BSNL,94.8,850,41.1,29.5,Indiranagar
TWR_0098,12.981453,77.630231,BSNL,84.8,700,43.5,39.7,Indiranagar
TWR_0099,12.973091,77.629416,BSNL,88.6,700,43.8,50.3,Indiranagar
TWR_0100,12.97669,77.639726,BSNL,81.1,850,43.2,36.0,Indiranagar
TWR_0101,12.980999,77.644557,BSNL,85.1,700,45.1,48.1,Indiranagar
TWR_0102,12.976327,77.635714,BSNL,85.8,700,43.0,35.2,Indiranagar
TWR_0103,12.972401,77.640323,BSNL,77.3,2100,43.8,52.5,Indiranagar
TWR_0104,12.984476,77.645791,BSNL,80.4,700,42.7,52.8,Indiranagar
TWR_0105,12.968625,77.640341,BSNL,88.2,700,44.2,33.3,Indiranagar
TWR_0106,12.934019,77.592424,Jio,90.3,2300,45.4,47.8,Jayanagar
TWR_0107,12.917195,77.582017,Jio,83.6,1800,44.4,28.4,Jayanagar
TWR_0108,12.919347,77.585589,Jio,79.9,2300,45.9,54.1,Jayanagar
TWR_0109,12.937294,77.572851,Jio,96.7,850,42.9,48.3,Jayanagar
TWR_0110,12.926631,77.572019,Jio,75.0,850,44.8,37.3,Jayanagar
TWR_0111,12.920764,77.579703,Jio,81.9,850,40.2,49.7,Jayanagar
TWR_0112,12.928632,77.577018,Jio,91.6,2300,44.3,45.3,Jayanagar
TWR_0113,12.919555,77.575342,Jio,87.9,1800,41.4,26.5,Jayanagar
TWR_0114,12.922026,77.584217,Jio,73.7,2300,44.1,40.4,Jayanagar
TWR_0115,12.922221,77.593198,Airtel,81.4,1800,45.1,32.1,Jayanagar
TWR_0116,12.942208,77.581264,Airtel,94.3,2100,41.6,36.9,Jayanagar
TWR_0117,12.917485,77.587912,Airtel,92.4,2100,44.3,35.3,Jayanagar
TWR_0118,12.938856,77.585161,Airtel,96.9,2300,43.4,29.1,Jayanagar
TWR_0119,12.916422,77.572318,Airtel,84.9,1800,45.5,36.8,Jayanagar
TWR_0120,12.923824,77.595258,Airtel,83.9,900,40.1,31.1,Jayanagar
TWR_0121,12.926197,77.592185,Airtel,91.0,900,45.8,37.6,Jayanagar
TWR_0122,12.918909,77.581689,Airtel,94.8,1800,42.0,32.1,Jayanagar
TWR_0123,12.921472,77.566688,Airtel,80.2,2300,43.9,42.7,Jayanagar
TWR_0124,12.930642,77.586358,Vi,86.5,900,41.7,51.2,Jayanagar
TWR_0125,12.927617,77.582873,Vi,89.2,1800,46.0,39.3,Jayanagar
TWR_0126,12.922061,77.580766,Vi,88.7,1800,40.6,41.9,Jayanagar
TWR_0127,12.922133,77.58612,Vi,75.5,2100,45.8,26.1,Jayanagar
TWR_0128,12.919719,77.568338,Vi,85.4,1800,42.7,27.0,Jayanagar
TWR_0129,12.932513,77.582346,Vi,89.8,2100,40.4,36.5,Jayanagar
TWR_0130,12.918854,77.58777,Vi,73.0,900,42.5,36.8,Jayanagar
TWR_0131,12.929736,77.577013,Vi,81.0,900,42.9,40.2,Jayanagar
TWR_0132,12.929629,77.581631,Vi,80.7,900,41.6,50.2,Jayanagar
TWR_0133,12.909605,77.573898,Vi,95.3,2100,42.0,31.8,Jayanagar
TWR_0134,12.917304,77.576443,BSNL,76.3,2100,40.3,29.5,Jayanagar
TWR_0135,12.926877,77.585067,BSNL,75.7,2100,40.2,30.6,Jayanagar
TWR_0136,12.909831,77.590762,BSNL,73.1,700,45.1,42.7,Jayanagar
TWR_0137,12.931283,77.596134,BSNL,93.5,850,44.6,29.9,Jayanagar
TWR_0138,12.925077,77.58198,BSNL,81.7,850,45.9,43.1,Jayanagar
TWR_0139,12.918784,77.589771,BSNL,78.2,850,43.6,49.0,Jayanagar
TWR_0140,12.929289,77.588995,BSNL,73.5,2100,42.1,25.9,Jayanagar
TWR_0141,12.921246,77.575361,BSNL,80.6,700,44.4,46.2,Jayanagar
TWR_0142,12.926723,77.593117,BSNL,77.2,700,44.2,29.3,Jayanagar
TWR_0143,12.991408,77.546207,Jio,87.0,850,46.0,25.5,Rajajinagar
TWR_0144,12.991077,77.556679,Jio,87.9,850,43.2,51.4,Rajajinagar
TWR_0145,12.98998,77.549964,Jio,93.1,1800,44.0,33.8,Rajajinagar
TWR_0146,12.990172,77.561721,Jio,79.1,1800,45.2,31.9,Rajajinagar
TWR_0147,12.985296,77.547685,Jio,86.6,1800,44.4,45.3,Rajajinagar
TWR_0148,12.990107,77.546602,Jio,73.3,1800,43.1,37.6,Rajajinagar
TWR_0149,12.992707,77.551598,Airtel,82.5,2300,45.3,27.8,Rajajinagar
TWR_0150,12.992648,77.556844,Airtel,93.6,1800,41.2,30.4,Rajajinagar
TWR_0151,12.993148,77.547156,Airtel,94.1,2300,44.4,39.1,Rajajinagar
TWR_0152,12.991209,77.554206,Airtel,86.7,900,44.7,46.9,Rajajinagar
TWR_0153,12.983387,77.552436,Airtel,75.4,2100,44.8,51.0,Rajajinagar
TWR_0154,13.000636,77.567402,Airtel,90.3,1800,42.3,54.4,Rajajinagar
TWR_0155,12.99037,77.555885,Vi,82.8,1800,43.5,43.3,Rajajinagar
TWR_0156,12.997541,77.552558,Vi,82.1,900,41.2,39.0,Rajajinagar
TWR_0157,12.99288,77.555094,Vi,95.9,900,42.0,45.5,Rajajinagar
TWR_0158,12.984371,77.545264,Vi,79.7,900,45.3,47.6,Rajajinagar
TWR_0159,12.996609,77.54594,Vi,74.1,1800,41.6,39.1,Rajajinagar
TWR_0160,12.984197,77.559889,Vi,75.7,1800,43.0,44.6,Rajajinagar
TWR_0161,12.989508,77.554302,BSNL,96.6,700,45.4,51.3,Rajajinagar
TWR_0162,12.9835,77.547089,BSNL,86.3,850,41.8,29.1,Rajajinagar
TWR_0163,12.974114,77.543498,BSNL,77.0,700,43.3,43.5,Rajajinagar
TWR_0164,12.99126,77.552896,BSNL,80.1,700,44.4,42.5,Rajajinagar
TWR_0165,12.980634,77.55763,BSNL,78.0,2100,44.6,47.8,Rajajinagar
TWR_0166,12.9868,77.568907,BSNL,93.3,700,41.6,28.0,Rajajinagar
TWR_0167,12.985926,77.55768,BSNL,90.0,2100,41.5,38.5,Rajajinagar
TWR_0168,12.924356,77.612959,Jio,76.9,2300,41.5,32.5,BTM Layout
TWR_0169,12.911918,77.610744,Jio,85.7,850,42.9,40.5,BTM Layout
TWR_0170,12.918834,77.608846,Jio,95.9,2300,40.8,29.0,BTM Layout
TWR_0171,12.922893,77.618996,Jio,79.1,850,41.2,41.6,BTM Layout
TWR_0172,12.921678,77.614776,Jio,87.6,850,41.9,52.5,BTM Layout
TWR_0173,12.923082,77.611663,Jio,92.6,1800,45.9,30.6,BTM Layout
TWR_0174,12.896899,77.600793,Airtel,74.2,2300,42.0,52.6,BTM Layout
TWR_0175,12.924001,77.607486,Airtel,92.0,900,44.5,43.7,BTM Layout
TWR_0176,12.925331,77.610808,Airtel,96.8,2100,40.0,44.2,BTM Layout
TWR_0177,12.915219,77.606092,Airtel,76.7,1800,40.8,38.7,BTM Layout
TWR_0178,12.916027,77.611305,Airtel,84.1,900,44.4,34.6,BTM Layout
TWR_0179,12.914373,77.602449,Airtel,81.2,2300,45.7,39.2,BTM Layout
TWR_0180,12.917839,77.614072,Airtel,94.4,2300,42.7,26.2,BTM Layout
TWR_0181,12.914966,77.607493,Airtel,81.8,2300,45.7,34.1,BTM Layout
TWR_0182,12.916007,77.612005,Vi,94.8,2100,43.1,46.6,BTM Layout
TWR_0183,12.921048,77.60978,Vi,76.0,1800,42.6,37.2,BTM Layout
TWR_0184,12.918437,77.613718,Vi,73.5,1800,44.0,44.7,BTM Layout
TWR_0185,12.909932,77.617888,Vi,89.0,900,41.5,50.8,BTM Layout
TWR_0186,12.916882,77.608621,Vi,89.2,2100,41.7,29.2,BTM Layout
TWR_0187,12.918307,77.612313,Vi,87.6,2100,45.7,46.0,BTM Layout
TWR_0188,12.916795,77.610075,Vi,82.6,1800,45.9,34.6,BTM Layout
TWR_0189,12.913898,77.61272,Vi,83.7,1800,43.7,51.3,BTM Layout
TWR_0190,12.920951,77.613758,Vi,84.8,1800,43.3,34.7,BTM Layout
TWR_0191,12.912483,77.60546,BSNL,93.2,850,45.5,52.4,BTM Layout
TWR_0192,12.918963,77.603395,BSNL,84.0,2100,42.9,47.9,BTM Layout
TWR_0193,12.924549,77.610909,BSNL,87.1,2100,41.5,33.7,BTM Layout
TWR_0194,12.91577,77.617952,BSNL,73.2,850,41.0,50.8,BTM Layout
TWR_0195,12.910811,77.612557,BSNL,91.6,2100,40.8,50.2,BTM Layout
TWR_0196,12.910581,77.608862,BSNL,83.1,850,40.9,30.8,BTM Layout
TWR_0197,12.93177,77.606932,BSNL,76.3,2100,40.4,54.4,BTM Layout
TWR_0198,12.918936,77.610434,BSNL,93.0,850,40.7,44.9,BTM Layout
TWR_0199,12.915128,77.637406,Jio,88.7,1800,44.1,40.0,HSR Layout
TWR_0200,12.908057,77.645522,Jio,96.4,1800,44.4,27.9,HSR Layout
TWR_0201,12.918307,77.645003,Jio,81.5,850,44.0,26.5,HSR Layout
TWR_0202,12.915384,77.631579,Jio,80.7,1800,42.5,49.6,HSR Layout
TWR_0203,12.919632,77.637433,Jio,94.1,850,40.9,51.8,HSR Layout
TWR_0204,12.917722,77.636949,Jio,74.3,1800,40.4,41.0,HSR Layout
TWR_0205,12.911617,77.634851,Jio,92.8,2300,43.9,26.0,HSR Layout
TWR_0206,12.911068,77.637583,Jio,85.9,2300,44.9,50.8,HSR Layout
TWR_0207,12.907896,77.646361,Jio,91.1,1800,41.5,47.1,HSR Layout
TWR_0208,12.91112,77.63892,Jio,78.3,1800,42.2,38.9,HSR Layout
TWR_0209,12.911678,77.642627,Airtel,77.2,900,41.1,27.6,HSR Layout
TWR_0210,12.917163,77.639894,Airtel,83.8,2100,43.9,29.1,HSR Layout
TWR_0211,12.912197,77.638907,Airtel,77.6,2300,45.2,54.3,HSR Layout
TWR_0212,12.90519,77.636938,Airtel,86.2,2300,43.4,47.0,HSR Layout
TWR_0213,12.92487,77.648629,Airtel,87.4,1800,40.3,25.8,HSR Layout
TWR_0214,12.901296,77.638269,Airtel,86.5,1800,45.0,47.7,HSR Layout
TWR_0215,12.912403,77.640878,Airtel,86.5,1800,41.9,40.7,HSR Layout
TWR_0216,12.907279,77.642317,Airtel,88.5,1800,45.4,31.4,HSR Layout
TWR_0217,12.91491,77.638139,Airtel,95.5,900,42.9,39.1,HSR Layout
TWR_0218,12.922042,77.649487,Vi,78.1,900,44.1,30.9,HSR Layout
TWR_0219,12.905885,77.631758,Vi,93.6,900,40.8,30.3,HSR Layout
TWR_0220,12.907959,77.635053,Vi,79.4,1800,42.1,26.7,HSR Layout
TWR_0221,12.916388,77.636259,Vi,75.6,2100,40.6,52.9,HSR Layout
TWR_0222,12.901823,77.626751,Vi,91.1,2100,45.1,28.7,HSR Layout
TWR_0223,12.918569,77.641119,Vi,80.8,900,42.4,26.3,HSR Layout
TWR_0224,12.908486,77.641922,Vi,96.5,2100,41.0,49.2,HSR Layout
TWR_0225,12.905206,77.639367,Vi,80.7,2100,40.8,42.5,HSR Layout
TWR_0226,12.914938,77.64728,BSNL,82.8,2100,42.2,42.7,HSR Layout
TWR_0227,12.917242,77.639267,BSNL,82.4,2100,45.6,52.8,HSR Layout
TWR_0228,12.903179,77.644123,BSNL,86.3,2100,44.0,38.9,HSR Layout
TWR_0229,12.908206,77.643082,BSNL,77.0,850,40.6,36.4,HSR Layout
TWR_0230,12.916996,77.639426,BSNL,79.2,2100,44.5,41.9,HSR Layout
TWR_0231,12.907085,77.642475,BSNL,74.3,700,44.0,42.9,HSR Layout
TWR_0232,12.919426,77.636875,BSNL,73.9,700,40.0,42.4,HSR Layout
TWR_0233,12.858126,77.671092,Jio,64.9,850,45.1,47.3,Electronic City
TWR_0234,12.848853,77.66768,Jio,74.1,850,42.0,48.6,Electronic City
TWR_0235,12.862439,77.676272,Jio,64.9,850,44.6,29.8,Electronic City
TWR_0236,12.842798,77.676512,Jio,57.5,850,45.1,53.9,Electronic City
TWR_0237,12.82904,77.667602,Jio,64.6,1800,44.9,28.0,Electronic City
TWR_0238,12.837075,77.639092,Jio,61.9,1800,42.5,43.2,Electronic City
TWR_0239,12.826625,77.676051,Airtel,60.3,1800,41.7,50.1,Electronic City
TWR_0240,12.860558,77.664717,Airtel,56.9,2300,44.1,38.9,Electronic City
TWR_0241,12.833592,77.66675,Airtel,64.1,2100,40.2,43.6,Electronic City
TWR_0242,12.822025,77.665607,Vi,55.3,1800,42.1,30.7,Electronic City
TWR_0243,12.849761,77.670039,Vi,68.6,900,40.5,54.2,Electronic City
TWR_0244,12.870396,77.664595,Vi,53.9,2100,42.6,37.9,Electronic City
TWR_0245,12.833974,77.655386,Vi,60.2,1800,44.2,26.2,Electronic City
TWR_0246,12.838672,77.664155,Vi,55.8,2100,45.0,53.1,Electronic City
TWR_0247,12.848021,77.688521,Vi,66.6,2100,45.5,41.0,Electronic City
TWR_0248,12.837043,77.66275,BSNL,57.5,2100,41.9,54.1,Electronic City
TWR_0249,12.844141,77.654321,BSNL,70.0,700,45.2,27.8,Electronic City
TWR_0250,12.822859,77.676328,BSNL,72.1,850,40.8,53.3,Electronic City
TWR_0251,12.974805,77.751495,Jio,64.6,2300,44.2,54.2,Whitefield
TWR_0252,12.966943,77.748418,Jio,55.2,2300,42.3,35.8,Whitefield
TWR_0253,12.960021,77.752928,Jio,53.8,2300,43.7,52.9,Whitefield
TWR_0254,12.97396,77.733059,Jio,65.4,1800,41.3,54.3,Whitefield
TWR_0255,12.97498,77.737212,Jio,54.5,850,40.9,26.5,Whitefield
TWR_0256,12.964574,77.756152,Jio,68.0,850,43.2,52.4,Whitefield
TWR_0257,12.96603,77.769968,Airtel,61.3,900,45.7,50.9,Whitefield
TWR_0258,12.962131,77.769963,Airtel,71.5,1800,42.3,53.4,Whitefield
TWR_0259,12.967915,77.753415,Airtel,69.1,1800,43.9,34.6,Whitefield
TWR_0260,12.97722,77.75819,Airtel,57.5,2300,45.6,30.1,Whitefield
TWR_0261,12.961986,77.735181,Airtel,63.5,2100,43.0,40.6,Whitefield
TWR_0262,12.943199,77.738674,Airtel,67.2,2100,40.4,37.7,Whitefield
TWR_0263,12.982748,77.748604,Vi,74.5,1800,42.8,54.4,Whitefield
TWR_0264,12.964461,77.74697,Vi,71.8,900,43.9,49.7,Whitefield
TWR_0265,12.983005,77.748872,Vi,68.9,900,42.1,43.9,Whitefield
TWR_0266,12.978467,77.743379,Vi,72.5,2100,42.6,36.1,Whitefield
TWR_0267,12.958222,77.737658,BSNL,56.1,850,44.5,31.5,Whitefield
TWR_0268,12.979925,77.749779,BSNL,55.7,700,41.6,51.8,Whitefield
TWR_0269,12.956686,77.746384,BSNL,65.7,2100,41.7,30.9,Whitefield
TWR_0270,12.970831,77.752869,BSNL,64.5,700,42.1,30.3,Whitefield
TWR_0271,12.961316,77.698607,Jio,69.9,850,43.3,28.8,Marathahalli
TWR_0272,12.956713,77.689948,Jio,72.6,850,44.5,48.5,Marathahalli
TWR_0273,12.951125,77.693578,Jio,64.2,850,41.1,35.8,Marathahalli
TWR_0274,12.962466,77.683176,Jio,59.5,850,41.9,47.6,Marathahalli
TWR_0275,12.959558,77.7011,Jio,71.3,2300,41.4,36.1,Marathahalli
TWR_0276,12.954275,77.706256,Airtel,67.7,2100,46.0,51.0,Marathahalli
TWR_0277,12.95752,77.696128,Airtel,54.9,2100,42.8,48.7,Marathahalli
TWR_0278,12.95795,77.682991,Airtel,66.3,1800,43.4,37.2,Marathahalli
TWR_0279,12.951237,77.710959,Airtel,73.3,1800,44.8,31.8,Marathahalli
TWR_0280,12.969335,77.695639,Vi,59.4,2100,42.4,34.4,Marathahalli
TWR_0281,12.968306,77.695803,Vi,57.1,1800,41.8,41.7,Marathahalli
TWR_0282,12.948522,77.692511,Vi,73.0,1800,42.4,53.5,Marathahalli
TWR_0283,12.954858,77.692482,Vi,74.9,2100,41.6,49.4,Marathahalli
TWR_0284,12.960044,77.691888,Vi,59.6,900,41.4,49.4,Marathahalli
TWR_0285,12.951247,77.698494,Vi,71.6,900,41.5,38.0,Marathahalli
TWR_0286,12.961405,77.697313,BSNL,66.7,2100,40.0,31.4,Marathahalli
TWR_0287,12.944154,77.699734,BSNL,72.4,2100,43.1,31.2,Marathahalli
TWR_0288,12.954354,77.696594,BSNL,57.7,850,41.1,36.1,Marathahalli
TWR_0289,12.956025,77.688042,BSNL,69.6,2100,43.9,50.9,Marathahalli
TWR_0290,13.038855,77.599166,Jio,70.5,2300,41.5,52.7,Hebbal
TWR_0291,13.035429,77.604646,Jio,64.1,1800,41.1,31.0,Hebbal
TWR_0292,13.03923,77.598318,Jio,59.4,1800,44.8,52.2,Hebbal
TWR_0293,13.035513,77.597531,Airtel,58.4,1800,42.4,53.3,Hebbal
TWR_0294,13.023805,77.599187,Airtel,71.8,1800,43.8,29.9,Hebbal
TWR_0295,13.043735,77.598299,Airtel,58.5,900,45.1,50.5,Hebbal
TWR_0296,13.038332,77.604275,Airtel,56.1,2100,44.6,43.6,Hebbal
TWR_0297,13.037711,77.60432,Airtel,74.0,1800,42.6,46.9,Hebbal
TWR_0298,13.02587,77.600396,Vi,55.8,1800,41.7,47.5,Hebbal
TWR_0299,13.025728,77.597361,Vi,71.9,2100,42.4,42.5,Hebbal
TWR_0300,13.03238,77.605592,Vi,65.6,1800,44.1,47.1,Hebbal
TWR_0301,13.038422,77.585121,BSNL,76.6,700,45.5,46.7,Hebbal
TWR_0302,13.028374,77.596307,BSNL,62.9,850,40.6,54.6,Hebbal
TWR_0303,13.035813,77.598903,BSNL,76.5,850,42.3,48.6,Hebbal
TWR_0304,13.036712,77.600038,BSNL,68.8,700,43.6,35.1,Hebbal
TWR_0305,13.030899,77.595106,BSNL,66.5,2100,44.3,31.6,Hebbal
TWR_0306,13.044092,77.592683,BSNL,62.5,850,40.2,51.0,Hebbal
TWR_0307,13.001493,77.69329,Jio,55.9,1800,45.2,32.7,KR Puram
TWR_0308,12.996804,77.688469,Jio,43.9,2300,44.7,40.9,KR Puram
TWR_0309,12.996975,77.689286,Airtel,55.9,900,43.8,46.3,KR Puram
TWR_0310,12.997199,77.709745,Airtel,59.3,900,41.2,44.2,KR Puram
TWR_0311,12.991679,77.681539,Airtel,61.3,1800,40.8,42.4,KR Puram
TWR_0312,12.99166,77.693333,Vi,40.2,2100,41.3,30.1,KR Puram
TWR_0313,12.991127,77.70988,BSNL,57.9,700,40.8,27.2,KR Puram
TWR_0314,13.101359,77.596638,Jio,50.5,1800,43.8,51.5,Yelahanka
TWR_0315,13.087722,77.591651,Jio,57.1,2300,41.0,39.0,Yelahanka
TWR_0316,13.101702,77.592802,Jio,45.9,1800,45.1,32.4,Yelahanka
TWR_0317,13.093728,77.591107,Airtel,43.2,2100,41.8,48.0,Yelahanka
TWR_0318,13.093729,77.590729,Airtel,51.3,900,41.7,42.1,Yelahanka
TWR_0319,13.116089,77.616709,Airtel,54.6,1800,40.8,43.7,Yelahanka
TWR_0320,13.095029,77.586786,Vi,40.1,2100,42.5,38.4,Yelahanka
TWR_0321,13.108279,77.58804,Vi,51.1,2100,45.0,32.1,Yelahanka
TWR_0322,13.101348,77.584642,BSNL,49.8,850,45.6,43.6,Yelahanka
TWR_0323,13.102596,77.586207,BSNL,50.4,850,40.4,47.1,Yelahanka
TWR_0324,13.078773,77.587449,BSNL,48.8,850,45.8,39.0,Yelahanka
TWR_0325,12.804392,77.588925,Jio,56.5,850,42.6,25.0,Bannerghatta
TWR_0326,12.780163,77.573836,Jio,60.6,850,40.9,42.1,Bannerghatta
TWR_0327,12.800553,77.582478,Airtel,56.2,900,42.5,44.2,Bannerghatta
TWR_0328,12.77939,77.582867,Airtel,62.0,2300,45.1,47.7,Bannerghatta
TWR_0329,12.778794,77.58058,Airtel,52.0,2100,41.6,32.5,Bannerghatta
TWR_0330,12.811492,77.582945,Vi,60.4,2100,45.2,44.2,Bannerghatta
TWR_0331,12.814744,77.584751,Vi,61.7,2100,42.6,34.1,Bannerghatta
TWR_0332,12.791144,77.574952,Vi,45.7,2100,41.6,49.0,Bannerghatta
TWR_0333,12.80751,77.57849,BSNL,56.0,850,42.4,44.1,Bannerghatta
TWR_0334,12.790867,77.570893,BSNL,48.7,850,45.1,30.7,Bannerghatta
TWR_0335,12.86083,77.640147,Jio,57.2,2300,41.9,25.6,Hosur Road
TWR_0336,12.871041,77.638653,Jio,67.0,1800,40.3,26.9,Hosur Road
TWR_0337,12.869241,77.644697,Jio,63.6,850,42.7,43.2,Hosur Road
TWR_0338,12.876356,77.644608,Airtel,74.7,2100,41.1,25.3,Hosur Road
TWR_0339,12.868331,77.64106,Airtel,70.4,2300,44.0,31.1,Hosur Road
TWR_0340,12.864625,77.63521,Airtel,61.6,2300,42.9,34.0,Hosur Road
TWR_0341,12.862683,77.643262,Vi,63.5,900,40.1,46.3,Hosur Road
TWR_0342,12.8712,77.635214,Vi,70.1,1800,44.9,48.3,Hosur Road
TWR_0343,12.87461,77.636476,Vi,58.4,1800,40.3,32.4,Hosur Road
TWR_0344,12.86302,77.642039,Vi,75.2,1800,44.9,30.3,Hosur Road
TWR_0345,12.872713,77.639415,BSNL,53.3,700,45.7,52.7,Hosur Road
TWR_0346,12.870663,77.637886,BSNL,54.9,700,43.3,54.1,Hosur Road
TWR_0347,12.856873,77.645356,BSNL,66.7,2100,42.5,43.4,Hosur Road
TWR_0348,12.868572,77.633402,BSNL,64.3,2100,45.1,46.9,Hosur Road
TWR_0349,13.049628,77.541951,Jio,42.2,2300,42.2,47.0,Tumkur Road
TWR_0350,13.038396,77.547276,Airtel,58.6,2100,41.3,47.0,Tumkur Road
TWR_0351,13.049775,77.542157,Airtel,60.2,2300,43.7,32.3,Tumkur Road
TWR_0352,13.05064,77.541712,Airtel,54.2,2100,40.5,29.5,Tumkur Road
TWR_0353,13.043864,77.544119,Vi,46.0,1800,41.7,47.6,Tumkur Road
TWR_0354,13.045586,77.551453,Vi,60.9,1800,42.7,50.3,Tumkur Road
TWR_0355,13.048067,77.546044,Vi,41.7,1800,40.8,39.7,Tumkur Road
TWR_0356,13.045043,77.553274,BSNL,47.9,850,42.6,29.2,Tumkur Road
TWR_0357,13.048408,77.54793,BSNL,47.0,700,43.7,26.0,Tumkur Road
TWR_0358,13.055197,77.537221,BSNL,47.5,850,42.7,32.4,Tumkur Road
TWR_0359,13.056217,77.58021,Jio,50.4,2300,40.1,42.8,Bellary Road
TWR_0360,13.054821,77.574558,Airtel,38.5,2100,45.7,48.5,Bellary Road
TWR_0361,13.066515,77.580593,Airtel,53.2,900,44.7,33.5,Bellary Road
TWR_0362,13.074946,77.576949,Vi,41.5,2100,43.3,38.3,Bellary Road
TWR_0363,13.067578,77.579364,BSNL,45.8,850,45.1,38.6,Bellary Road
TWR_0364,13.051464,77.591996,BSNL,60.7,700,40.3,28.9,Bellary Road
TWR_0365,13.061075,77.57981,BSNL,60.3,850,42.5,27.7,Bellary Road
TWR_0366,12.914356,77.622968,Jio,63.8,1800,45.2,40.1,Silk Board
TWR_0367,12.919235,77.613133,Jio,57.5,2300,45.9,40.9,Silk Board
TWR_0368,12.919574,77.621071,Jio,69.3,1800,41.2,36.8,Silk Board
TWR_0369,12.920788,77.618923,Jio,70.2,1800,42.1,35.7,Silk Board
TWR_0370,12.914452,77.617535,Jio,58.1,850,43.4,50.6,Silk Board
TWR_0371,12.913157,77.625261,Airtel,58.7,2300,40.7,39.8,Silk Board
TWR_0372,12.918519,77.624599,Airtel,70.1,2300,44.3,43.2,Silk Board
TWR_0373,12.911991,77.6287,Airtel,65.8,2300,43.1,29.9,Silk Board
TWR_0374,12.920672,77.622384,Vi,53.9,900,41.6,52.8,Silk Board
TWR_0375,12.912135,77.61538,Vi,57.6,1800,41.7,26.0,Silk Board
TWR_0376,12.917076,77.622694,Vi,55.2,900,42.0,35.2,Silk Board
TWR_0377,12.918593,77.618347,Vi,65.1,900,45.6,54.7,Silk Board
TWR_0378,12.915515,77.620234,Vi,73.3,2100,44.6,48.2,Silk Board
TWR_0379,12.917675,77.625448,Vi,75.3,900,41.9,49.2,Silk Board
TWR_0380,12.910691,77.628057,BSNL,53.8,850,43.9,27.8,Silk Board
TWR_0381,12.916193,77.620657,BSNL,55.3,2100,45.1,43.1,Silk Board
TWR_0382,12.917961,77.623906,BSNL,62.4,2100,41.6,38.4,Silk Board
TWR_0383,12.916267,77.622726,BSNL,63.2,700,45.4,33.1,Silk Board
TWR_0384,12.919199,77.622659,BSNL,56.6,700,43.0,32.7,Silk Board
TWR_0385,12.925143,77.620614,BSNL,59.2,850,44.9,37.4,Silk Board
TWR_0386,13.025598,77.520917,Jio,50.6,2300,40.9,50.1,Peenya
TWR_0387,13.036617,77.520872,Jio,40.8,850,45.6,32.9,Peenya
TWR_0388,13.032548,77.511525,Jio,57.6,1800,43.6,26.8,Peenya
TWR_0389,13.030146,77.517428,Airtel,60.5,900,40.7,44.9,Peenya
TWR_0390,13.034409,77.520993,Vi,48.6,2100,44.3,42.6,Peenya
TWR_0391,13.020504,77.52971,BSNL,40.1,700,45.5,39.5,Peenya
TWR_0392,13.054314,77.502617,BSNL,48.9,850,42.1,34.4,Peenya
TWR_0393,12.907977,77.671788,Jio,54.6,1800,44.2,32.6,Sarjapur Road
TWR_0394,12.91407,77.677479,Jio,55.3,2300,43.9,35.2,Sarjapur Road
TWR_0395,12.903234,77.668252,Jio,61.8,1800,41.9,29.1,Sarjapur Road
TWR_0396,12.913706,77.684901,Jio,59.1,2300,42.2,26.8,Sarjapur Road
TWR_0397,12.911168,77.66747,Jio,61.3,2300,42.3,43.8,Sarjapur Road
TWR_0398,12.906358,77.678806,Jio,76.2,850,43.5,36.4,Sarjapur Road
TWR_0399,12.906921,77.682954,Airtel,69.8,2100,42.6,26.8,Sarjapur Road
TWR_0400,12.916612,77.688719,Airtel,71.0,900,40.8,41.9,Sarjapur Road
TWR_0401,12.909338,77.675617,Airtel,67.7,900,43.8,51.1,Sarjapur Road
TWR_0402,12.91058,77.67464,Airtel,58.2,2100,43.3,26.1,Sarjapur Road
TWR_0403,12.924755,77.681872,Vi,69.9,1800,42.0,30.6,Sarjapur Road
TWR_0404,12.903767,77.672953,Vi,57.8,1800,44.6,51.6,Sarjapur Road
TWR_0405,12.907941,77.688298,Vi,60.2,900,41.8,43.3,Sarjapur Road
TWR_0406,12.905811,77.66932,Vi,70.5,2100,40.0,26.3,Sarjapur Road
TWR_0407,12.903003,77.679429,Vi,60.8,900,42.6,39.6,Sarjapur Road
TWR_0408,12.912241,77.681665,Vi,76.9,1800,45.4,42.9,Sarjapur Road
TWR_0409,12.910933,77.678684,BSNL,57.2,700,41.7,35.6,Sarjapur Road
TWR_0410,12.908554,77.667537,BSNL,62.7,850,40.4,26.0,Sarjapur Road
TWR_0411,12.916132,77.680856,BSNL,57.8,2100,41.3,54.6,Sarjapur Road
TWR_0412,12.906311,77.666607,BSNL,56.3,2100,45.0,36.3,Sarjapur Road
TWR_0413,12.913095,77.68245,BSNL,66.6,850,42.2,51.0,Sarjapur Road
TWR_0414,12.899333,77.683015,BSNL,70.4,2100,41.7,46.8,Sarjapur Road
TWR_0415,12.804567,77.769143,Jio,68.4,700,40.1,26.4,Outer
TWR_0416,13.095843,77.53684,Jio,56.9,2300,44.8,37.2,Outer
TWR_0417,12.965245,77.815964,Airtel,41.0,2100,40.3,36.9,Outer
TWR_0418,13.107944,77.696129,BSNL,62.4,2300,42.5,34.2,Outer
TWR_0419,12.972934,77.621024,Airtel,48.1,2100,41.5,34.1,Outer
TWR_0420,12.835478,77.772679,Airtel,59.1,2100,44.2,46.2,Outer
TWR_0421,12.867888,77.505722,Jio,35.3,700,44.6,49.7,Outer
TWR_0422,12.796606,77.726786,Jio,37.9,2300,44.5,34.0,Outer
TWR_0423,12.784046,77.67022,Vi,74.6,3500,41.1,28.1,Outer
TWR_0424,12.985445,77.670685,Airtel,66.7,2100,45.4,45.1,Outer
TWR_0425,12.871489,77.655675,BSNL,46.9,3500,45.6,42.0,Outer
TWR_0426,13.140598,77.604258,Airtel,56.5,3500,40.6,30.9,Outer
TWR_0427,12.975225,77.474928,Airtel,72.3,2300,41.2,44.1,Outer
TWR_0428,12.815866,77.783103,Jio,64.0,700,44.2,40.8,Outer
TWR_0429,13.060219,77.756433,Jio,63.7,3500,41.9,42.4,Outer
TWR_0430,13.134079,77.667383,Vi,61.6,900,44.5,49.9,Outer
TWR_0431,12.839344,77.52489,Airtel,56.6,900,43.4,26.2,Outer
TWR_0432,12.929582,77.665702,Airtel,58.4,900,44.3,41.0,Outer
TWR_0433,13.07239,77.681161,Vi,56.5,700,40.6,31.8,Outer
TWR_0434,12.975138,77.773005,Vi,62.2,900,43.6,30.5,Outer
TWR_0435,13.051586,77.756153,Jio,58.7,3500,42.0,36.2,Outer
TWR_0436,13.09972,77.717629,Vi,55.8,850,40.3,28.6,Outer
TWR_0437,12.851419,77.588152,Airtel,72.8,900,41.4,27.6,Outer
TWR_0438,12.905173,77.75182,Vi,50.3,2300,44.8,27.8,Outer
TWR_0439,13.005204,77.804866,BSNL,51.1,850,45.5,47.1,Outer
TWR_0440,12.973192,77.654334,Jio,43.5,2300,43.0,25.8,Outer
TWR_0441,13.032716,77.801684,BSNL,68.2,2300,40.3,48.5,Outer
TWR_0442,13.126713,77.646994,Airtel,60.7,3500,42.5,28.0,Outer
TWR_0443,12.815799,77.536111,Airtel,68.5,900,41.4,38.7,Outer
TWR_0444,12.859599,77.510386,Jio,57.5,2300,43.8,47.8,Outer
TWR_0445,12.835867,77.78797,Airtel,71.1,3500,43.8,40.5,Outer
TWR_0446,13.016509,77.705483,BSNL,35.7,700,43.5,44.5,Outer
TWR_0447,12.919594,77.454587,BSNL,55.4,900,42.6,33.5,Outer
TWR_0448,12.872436,77.645192,Vi,50.0,700,41.0,33.0,Outer
TWR_0449,12.888765,77.651024,BSNL,55.0,700,45.7,32.1,Outer
TWR_0450,13.036325,77.459265,Vi,45.5,850,40.2,40.4,Outer
TWR_0451,13.030975,77.726291,Airtel,55.7,2100,42.4,26.0,Outer
TWR_0452,12.816982,77.692348,Vi,74.8,900,43.3,43.8,Outer
TWR_0453,13.085907,77.651726,Jio,59.8,850,45.2,28.1,Outer
TWR_0454,13.122687,77.459626,Vi,68.4,900,41.2,25.1,Outer
TWR_0455,12.944745,77.573713,Jio,41.6,850,42.4,44.2,Outer
TWR_0456,13.110458,77.69145,Airtel,40.0,2300,45.5,27.2,Outer
TWR_0457,12.930537,77.798727,Airtel,73.0,1800,44.0,36.4,Outer
TWR_0458,13.05878,77.461685,Airtel,40.8,1800,41.4,41.7,Outer
TWR_0459,12.909952,77.778059,Vi,67.8,1800,44.6,31.8,Outer
TWR_0460,12.962876,77.523068,Airtel,69.4,1800,45.4,46.9,Outer
TWR_0461,13.135051,77.534484,BSNL,72.3,3500,42.5,39.0,Outer
TWR_0462,12.906763,77.556765,Vi,44.7,3500,43.0,47.2,Outer
TWR_0463,13.013156,77.642761,Jio,52.1,850,41.3,45.6,Outer
TWR_0464,12.853402,77.71515,Airtel,65.4,3500,45.2,32.3,Outer
TWR_0465,13.106198,77.719882,Vi,66.9,700,45.1,49.8,Outer
TWR_0466,12.93546,77.751149,Vi,64.8,700,45.6,34.9,Outer
TWR_0467,12.989222,77.489199,Airtel,44.0,900,42.4,34.9,Outer
TWR_0468,12.871013,77.631896,BSNL,67.2,900,40.4,39.4,Outer
TWR_0469,12.952891,77.677284,BSNL,52.9,850,42.8,39.5,Outer
TWR_0470,12.965364,77.624693,Airtel,67.7,2100,42.0,45.0,Outer
TWR_0471,13.095851,77.506792,Vi,58.3,2100,44.4,31.0,Outer
TWR_0472,13.028419,77.544396,Airtel,55.4,850,42.3,46.9,Outer
TWR_0473,13.145169,77.773695,BSNL,41.6,2300,40.2,34.8,Outer
TWR_0474,13.102171,77.704838,BSNL,56.3,700,44.9,42.7,Outer
TWR_0475,12.95331,77.780219,Airtel,44.2,900,43.9,49.3,Outer
TWR_0476,12.871485,77.542378,Jio,40.6,700,41.4,37.6,Outer
TWR_0477,13.146623,77.454492,BSNL,57.3,1800,44.8,33.9,Outer
TWR_0478,12.931826,77.512137,Vi,64.6,2300,40.8,34.8,Outer
TWR_0479,13.110375,77.451002,BSNL,47.0,850,42.0,31.8,Outer
TWR_0480,12.950214,77.517164,Vi,56.2,850,43.5,27.3,Outer
TWR_0481,13.092431,77.514742,Vi,65.6,3500,44.7,30.2,Outer
TWR_0482,12.849065,77.6339,Airtel,36.3,3500,44.3,45.9,Outer
TWR_0483,12.809891,77.776369,Jio,66.9,3500,44.2,41.9,Outer
TWR_0484,12.974284,77.691531,BSNL,71.8,2100,41.9,26.8,Outer
TWR_0485,13.129578,77.614748,Jio,62.0,700,45.9,29.0,Outer
TWR_0486,13.07582,77.778346,BSNL,37.0,850,42.1,41.2,Outer
TWR_0487,12.970198,77.546105,BSNL,40.4,1800,40.6,40.9,Outer
TWR_0488,12.910022,77.530154,Jio,62.7,850,43.2,48.4,Outer
TWR_0489,12.922603,77.759269,Vi,38.0,1800,45.9,46.2,Outer
TWR_0490,12.994476,77.681903,Vi,49.1,1800,44.6,50.0,Outer
TWR_0491,12.962211,77.472683,Vi,58.8,2100,41.5,33.2,Outer
TWR_0492,13.050481,77.518009,Jio,41.6,700,45.2,42.3,Outer
TWR_0493,12.79478,77.460468,Jio,57.3,1800,43.6,35.9,Outer
TWR_0494,13.121626,77.556489,Airtel,62.2,2100,45.7,49.5,Outer
TWR_0495,13.053458,77.622129,Jio,43.8,2300,44.4,30.5,Outer
TWR_0496,12.94695,77.621236,BSNL,68.1,2300,43.9,41.2,Outer
TWR_0497,12.880074,77.587533,Vi,36.8,850,42.6,36.0,Outer
TWR_0498,12.870782,77.527488,BSNL,58.5,3500,40.4,44.2,Outer
TWR_0499,12.919294,77.590687,Jio,52.3,900,41.9,44.0,Outer
