tower_id,lat,lng,operator,signal_score,frequency_mhz,tx_power_dbm,height_m,zone,radio,range_m,samples,avg_signal_dbm,mcc,mnc,lac,cellid
OCI_405_34_29571,12.96,77.58,Unknown,65,900,43,35,MG Road,GSM,1000,1,0,405,34,12000,29571
OCI_404_86_40121,12.96,77.59,Vi,65,900,43,35,MG Road,GSM,1000,1,0,404,86,50005,40121
OCI_404_44_11053099,12.96,77.59,Unknown,70,1800,46,30,MG Road,LTE,1000,1,0,404,44,41114,11053099
OCI_404_45_3422,12.96,77.59,Airtel,65,900,43,35,MG Road,GSM,7709,1,0,404,45,408,3422
OCI_404_45_232196610,12.96,77.59,Airtel,70,1800,46,30,MG Road,LTE,1000,1,0,404,45,9156,232196610
OCI_404_71_20345143,12.96,77.59,BSNL,60,2100,43,30,MG Road,UMTS,1000,1,0,404,71,3310,20345143
OCI_404_71_25051,12.96,77.59,BSNL,65,900,43,35,MG Road,GSM,1000,1,0,404,71,125,25051
OCI_404_86_40121,12.96,77.59,Vi,65,900,43,35,MG Road,GSM,1000,1,0,404,86,51118,40121
OCI_404_86_205127431,12.96,77.58,Vi,70,1800,46,30,MG Road,LTE,1000,1,0,404,86,54117,205127431
OCI_404_45_27476497,12.96,77.58,Airtel,60,2100,43,30,MG Road,UMTS,1000,1,0,404,45,34191,27476497
OCI_405_861_1818404,12.96,77.58,Jio,70,1800,46,30,MG Road,LTE,1000,1,0,405,861,11,1818404
OCI_405_34_86971,12.96,77.59,Unknown,60,2100,43,30,MG Road,UMTS,1000,1,0,405,34,10001,86971
OCI_404_45_16911,12.96,77.58,Airtel,65,900,43,35,MG Road,GSM,1000,1,0,404,45,25013,16911
OCI_404_45_232196640,12.96,77.59,Airtel,70,1800,46,30,MG Road,LTE,1000,1,0,404,45,9156,232196640
OCI_405_34_21252,12.96,77.59,Unknown,65,900,43,35,MG Road,GSM,1000,1,0,405,34,12000,21252
OCI_404_45_31422,12.96,77.59,Airtel,65,900,43,35,MG Road,GSM,1000,1,0,404,45,25043,31422
OCI_404_45_53181,12.96,77.59,Airtel,65,900,43,35,MG Road,GSM,1000,1,0,404,45,25043,53181
OCI_404_45_232196619,12.96,77.59,Airtel,70,1800,46,30,MG Road,LTE,1000,1,0,404,45,9156,232196619
OCI_404_45_59483,12.96,77.59,Airtel,65,900,43,35,MG Road,GSM,1000,1,0,404,45,25043,59483
OCI_404_45_46198027,12.96,77.59,Airtel,70,1800,46,30,MG Road,LTE,1000,1,0,404,45,8368,46198027
OCI_405_34_28971,12.96,77.59,Unknown,65,900,43,35,MG Road,GSM,1000,1,0,405,34,16000,28971
OCI_404_45_232196620,12.96,77.59,Airtel,70,1800,46,30,MG Road,LTE,1000,1,0,404,45,9156,232196620
OCI_405_861_81936,12.96,77.59,Jio,70,1800,46,30,MG Road,LTE,1000,1,0,405,861,11,81936
OCI_404_71_25813,12.96,77.58,BSNL,65,900,43,35,MG Road,GSM,1000,1,0,404,71,125,25813
OCI_404_45_16913,12.96,77.58,Airtel,65,900,43,35,MG Road,GSM,1000,1,0,404,45,25014,16913
OCI_405_861_1058577,12.96,77.59,Jio,70,1800,46,30,MG Road,LTE,1000,1,0,405,861,11,1058577
OCI_405_34_160047,12.96,77.59,Unknown,60,2100,43,30,MG Road,UMTS,1000,1,0,405,34,10002,160047
OCI_404_45_182091798,12.96,77.59,Airtel,70,1800,46,30,MG Road,LTE,1000,1,0,404,45,8368,182091798
OCI_404_86_20610401,12.96,77.59,Vi,60,2100,43,30,MG Road,UMTS,1000,1,0,404,86,21401,20610401
OCI_404_45_432906,12.96,77.58,Airtel,70,1800,46,30,MG Road,LTE,1000,1,0,404,45,9156,432906
OCI_404_86_205059334,12.91,77.62,Vi,70,1800,46,30,Koramangala,LTE,1000,1,0,404,86,54139,205059334
OCI_405_861_4038949,12.91,77.61,Jio,70,1800,46,30,Koramangala,LTE,1000,1,0,405,861,19,4038949
OCI_404_45_2331,12.91,77.61,Airtel,65,900,43,35,Koramangala,GSM,1000,1,0,404,45,460,2331
OCI_404_45_12681,12.91,77.61,Airtel,65,900,43,35,Koramangala,GSM,1000,1,0,404,45,460,12681
OCI_404_86_20865694,12.91,77.61,Vi,60,2100,43,30,Koramangala,UMTS,1000,1,0,404,86,21801,20865694
OCI_404_86_205030662,12.91,77.61,Vi,70,1800,46,30,Koramangala,LTE,1000,1,0,404,86,54113,205030662
OCI_404_86_10131,12.91,77.62,Vi,65,900,43,35,Koramangala,GSM,1000,1,0,404,86,31901,10131
OCI_405_861_24611,12.91,77.62,Jio,70,1800,46,30,Koramangala,LTE,1000,1,0,405,861,19,24611
OCI_404_45_26283074,12.91,77.61,Airtel,60,2100,43,30,Koramangala,UMTS,1000,1,0,404,45,34012,26283074
OCI_405_861_87089,12.91,77.61,Jio,70,1800,46,30,Koramangala,LTE,1000,1,0,405,861,132,87089
OCI_404_86_43892,12.91,77.61,Vi,65,900,43,35,Koramangala,GSM,12705,1,0,404,86,31901,43892
OCI_404_71_56452,12.91,77.62,BSNL,65,900,43,35,Koramangala,GSM,1000,1,0,404,71,156,56452
OCI_404_45_26282269,12.91,77.61,Airtel,60,2100,43,30,Koramangala,UMTS,1000,1,0,404,45,34012,26282269
OCI_404_45_26313398,12.91,77.61,Airtel,60,2100,43,30,Koramangala,UMTS,1000,1,0,404,45,34012,26313398
OCI_405_861_87090,12.91,77.61,Jio,70,1800,46,30,Koramangala,LTE,1000,1,0,405,861,25,87090
OCI_405_861_1077297,12.91,77.61,Jio,70,1800,46,30,Koramangala,LTE,1000,1,0,405,861,25,1077297
OCI_404_71_20414868,12.91,77.61,BSNL,60,2100,43,30,Koramangala,UMTS,1000,1,0,404,71,3311,20414868
OCI_405_861_87056,12.91,77.61,Jio,70,1800,46,30,Koramangala,LTE,1000,1,0,405,861,25,87056
OCI_404_86_20524965,12.91,77.61,Vi,60,2100,43,30,Koramangala,UMTS,1000,1,0,404,86,21301,20524965
OCI_404_86_10131,12.91,77.62,Vi,65,900,43,35,Koramangala,GSM,1000,1,0,404,86,33203,10131
OCI_405_861_166417,12.91,77.62,Jio,70,1800,46,30,Koramangala,LTE,1000,1,0,405,861,25,166417
OCI_404_44_1043,12.91,77.62,Unknown,65,900,43,35,Koramangala,GSM,1000,1,0,404,44,1311,1043
OCI_405_861_25619,12.91,77.62,Jio,70,1800,46,30,Koramangala,LTE,1000,1,0,405,861,19,25619
OCI_405_34_293941,12.91,77.61,Unknown,60,2100,43,30,Koramangala,UMTS,1000,1,0,405,34,10004,293941
OCI_404_45_59648,12.91,77.61,Airtel,70,1800,46,30,Koramangala,LTE,1000,1,0,404,45,1011,59648
OCI_404_86_47323,12.91,77.61,Vi,65,900,43,35,Koramangala,GSM,1000,1,0,404,86,57007,47323
OCI_404_86_47322,12.91,77.61,Vi,65,900,43,35,Koramangala,GSM,1000,1,0,404,86,57007,47322
OCI_404_86_20540045,12.91,77.61,Vi,60,2100,43,30,Koramangala,UMTS,1000,1,0,404,86,21301,20540045
OCI_404_86_206011399,12.91,77.61,Vi,70,1800,46,30,Koramangala,LTE,1000,1,0,404,86,54113,206011399
OCI_404_45_26282273,12.91,77.61,Airtel,60,2100,43,30,Koramangala,UMTS,1000,1,0,404,45,34012,26282273
OCI_405_861_6000433,12.96,77.64,Jio,70,1800,46,30,Indiranagar,LTE,1072,1,0,405,861,16,6000433
OCI_404_86_20414294,12.96,77.64,Vi,60,2100,43,30,Indiranagar,UMTS,1000,1,0,404,86,21102,20414294
OCI_404_86_38404,12.96,77.63,Vi,65,900,43,35,Indiranagar,GSM,2060,1,0,404,86,31102,38404
OCI_404_86_204988936,12.96,77.64,Vi,70,1800,46,30,Indiranagar,LTE,1000,1,0,404,86,65406,204988936
OCI_404_45_26472902,12.96,77.64,Airtel,60,2100,43,30,Indiranagar,UMTS,1000,1,0,404,45,34036,26472902
OCI_404_86_35861,12.96,77.63,Vi,65,900,43,35,Indiranagar,GSM,1282,1,0,404,86,51018,35861
OCI_404_86_207017990,12.96,77.64,Vi,70,1800,46,30,Indiranagar,LTE,1000,1,0,404,86,54105,207017990
OCI_404_86_20409153,12.96,77.64,Vi,60,2100,43,30,Indiranagar,UMTS,1000,1,0,404,86,21102,20409153
OCI_404_86_204988959,12.97,77.64,Vi,70,1800,46,30,Indiranagar,LTE,1000,1,0,404,86,54105,204988959
OCI_404_45_27526689,12.97,77.63,Airtel,60,2100,43,30,Indiranagar,UMTS,1000,1,0,404,45,34202,27526689
OCI_404_86_7382,12.97,77.64,Vi,65,900,43,35,Indiranagar,GSM,1000,1,0,404,86,31103,7382
OCI_405_803_10761,12.97,77.64,Unknown,65,900,43,35,Indiranagar,GSM,1000,1,0,405,803,1193,10761
OCI_405_861_42261,12.97,77.64,Jio,70,1800,46,30,Indiranagar,LTE,1000,1,0,405,861,16,42261
OCI_405_861_4883984,12.97,77.64,Jio,70,1800,46,30,Indiranagar,LTE,1000,1,0,405,861,16,4883984
OCI_404_86_20409154,12.97,77.64,Vi,60,2100,43,30,Indiranagar,UMTS,1000,1,0,404,86,21102,20409154
OCI_405_861_42256,12.97,77.64,Jio,70,1800,46,30,Indiranagar,LTE,1000,1,0,405,861,16,42256
OCI_404_86_204988961,12.97,77.64,Vi,70,1800,46,30,Indiranagar,LTE,1000,1,0,404,86,54105,204988961
OCI_405_861_1597719,12.97,77.64,Jio,70,1800,46,30,Indiranagar,LTE,2836,1,0,405,861,16,1597719
OCI_405_861_204921889,12.97,77.64,Jio,70,1800,46,30,Indiranagar,LTE,1000,1,0,405,861,65472,204921889
OCI_404_86_205294598,12.97,77.64,Vi,70,1800,46,30,Indiranagar,LTE,1000,1,0,404,86,65406,205294598
OCI_405_861_242212,12.97,77.63,Jio,70,1800,46,30,Indiranagar,LTE,1000,1,0,405,861,32,242212
OCI_405_34_28743,12.97,77.64,Unknown,65,900,43,35,Indiranagar,GSM,1000,1,0,405,34,25001,28743
OCI_405_861_1597713,12.97,77.64,Jio,70,1800,46,30,Indiranagar,LTE,1000,1,0,405,861,16,1597713
OCI_404_71_10227,12.97,77.64,BSNL,65,900,43,35,Indiranagar,GSM,1000,1,0,404,71,2510,10227
OCI_405_34_4671,12.97,77.64,Unknown,65,900,43,35,Indiranagar,GSM,1000,1,0,405,34,25001,4671
OCI_404_86_20409154,12.97,77.64,Vi,60,2100,43,30,Indiranagar,UMTS,1000,1,0,404,86,21801,20409154
OCI_405_803_10762,12.97,77.64,Unknown,65,900,43,35,Indiranagar,GSM,1000,1,0,405,803,1193,10762
OCI_404_45_61892,12.97,77.64,Airtel,65,900,43,35,Indiranagar,GSM,1000,1,0,404,45,25054,61892
OCI_404_86_204921864,12.97,77.64,Vi,70,1800,46,30,Indiranagar,LTE,1000,1,0,404,86,65472,204921864
OCI_404_45_1584386,12.97,77.64,Airtel,70,1800,46,30,Indiranagar,LTE,1000,1,0,404,45,8246,1584386
OCI_405_34_275490,12.91,77.57,Unknown,60,2100,43,30,Jayanagar,UMTS,1000,1,0,405,34,10004,275490
OCI_404_86_9852,12.91,77.58,Vi,65,900,43,35,Jayanagar,GSM,1000,1,0,404,86,31302,9852
OCI_404_86_20663338,12.91,77.58,Vi,60,2100,43,30,Jayanagar,UMTS,1000,1,0,404,86,21501,20663338
OCI_404_45_431361,12.91,77.58,Airtel,70,1800,46,30,Jayanagar,LTE,1000,1,0,404,45,8102,431361
OCI_404_45_26296795,12.91,77.58,Airtel,60,2100,43,30,Jayanagar,UMTS,1000,1,0,404,45,34011,26296795
OCI_404_45_56842,12.91,77.58,Airtel,70,1800,46,30,Jayanagar,LTE,1000,1,0,404,45,1012,56842
OCI_404_44_40013,12.91,77.59,Unknown,65,900,43,35,Jayanagar,GSM,1000,1,0,404,44,1401,40013
OCI_404_45_1212,12.91,77.58,Airtel,65,900,43,35,Jayanagar,GSM,1000,1,0,404,45,25041,1212
OCI_404_45_50865,12.91,77.58,Airtel,65,900,43,35,Jayanagar,GSM,1000,1,0,404,45,25041,50865
OCI_404_45_2873,12.91,77.58,Airtel,65,900,43,35,Jayanagar,GSM,1000,1,0,404,45,25041,2873
OCI_404_45_62572,12.91,77.58,Airtel,65,900,43,35,Jayanagar,GSM,1000,1,0,404,45,25041,62572
OCI_404_86_801,12.91,77.57,Vi,65,900,43,35,Jayanagar,GSM,1000,1,0,404,86,31503,801
OCI_405_861_856336,12.91,77.58,Jio,70,1800,46,30,Jayanagar,LTE,1000,1,0,405,861,17,856336
OCI_404_45_790028,12.91,77.57,Airtel,70,1800,46,30,Jayanagar,LTE,1000,1,0,404,45,8530,790028
OCI_404_45_790018,12.91,77.57,Airtel,70,1800,46,30,Jayanagar,LTE,1000,1,0,404,45,8102,790018
OCI_404_45_28411610,12.91,77.58,Airtel,60,2100,43,30,Jayanagar,UMTS,1000,1,0,404,45,34331,28411610
OCI_404_71_20347211,12.91,77.58,BSNL,60,2100,43,30,Jayanagar,UMTS,1000,1,0,404,71,3310,20347211
OCI_404_45_26314458,12.91,77.58,Airtel,60,2100,43,30,Jayanagar,UMTS,1000,1,0,404,45,34011,26314458
OCI_404_45_8183,12.91,77.57,Airtel,65,900,43,35,Jayanagar,GSM,1000,1,0,404,45,25044,8183
OCI_404_45_6491,12.91,77.57,Airtel,65,900,43,35,Jayanagar,GSM,1000,1,0,404,45,25042,6491
OCI_404_45_525569,12.91,77.57,Airtel,70,1800,46,30,Jayanagar,LTE,1000,1,0,404,45,8555,525569
OCI_405_34_275491,12.91,77.57,Unknown,60,2100,43,30,Jayanagar,UMTS,1000,1,0,405,34,10004,275491
OCI_404_45_26310797,12.91,77.57,Airtel,60,2100,43,30,Jayanagar,UMTS,1000,1,0,404,45,34011,26310797
OCI_405_803_14733,12.91,77.57,Unknown,65,900,43,35,Jayanagar,GSM,1000,1,0,405,803,1151,14733
OCI_404_45_790016,12.91,77.57,Airtel,70,1800,46,30,Jayanagar,LTE,1000,1,0,404,45,1012,790016
OCI_404_45_230566154,12.91,77.57,Airtel,70,1800,46,30,Jayanagar,LTE,1000,1,0,404,45,1012,230566154
OCI_404_86_60931,12.91,77.57,Vi,65,900,43,35,Jayanagar,GSM,1000,1,0,404,86,51019,60931
OCI_404_86_28143,12.91,77.58,Vi,65,900,43,35,Jayanagar,GSM,1000,1,0,404,86,51013,28143
OCI_404_45_209409,12.91,77.58,Airtel,60,2100,43,30,Jayanagar,UMTS,1000,1,0,404,45,1012,209409
OCI_405_34_275492,12.91,77.58,Unknown,60,2100,43,30,Jayanagar,UMTS,1000,1,0,405,34,10004,275492
OCI_404_45_27486435,12.98,77.54,Airtel,60,2100,43,30,Rajajinagar,UMTS,1000,1,0,404,45,34192,27486435
OCI_405_803_11572,12.98,77.54,Unknown,65,900,43,35,Rajajinagar,GSM,1000,1,0,405,803,1111,11572
OCI_404_86_48853,12.98,77.54,Vi,65,900,43,35,Rajajinagar,GSM,1000,1,0,404,86,50038,48853
OCI_404_86_48851,12.98,77.55,Vi,65,900,43,35,Rajajinagar,GSM,1000,1,0,404,86,31603,48851
OCI_404_86_8482,12.98,77.55,Vi,65,900,43,35,Rajajinagar,GSM,1000,1,0,404,86,56007,8482
OCI_404_45_27487356,12.98,77.55,Airtel,60,2100,43,30,Rajajinagar,UMTS,1000,1,0,404,45,34191,27487356
OCI_404_45_8381,12.98,77.56,Airtel,65,900,43,35,Rajajinagar,GSM,1000,1,0,404,45,25111,8381
OCI_404_45_2433,12.98,77.56,Airtel,65,900,43,35,Rajajinagar,GSM,1000,1,0,404,45,25111,2433
OCI_404_86_20223,12.98,77.55,Vi,65,900,43,35,Rajajinagar,GSM,1000,1,0,404,86,56007,20223
OCI_404_71_44193,12.98,77.55,BSNL,65,900,43,35,Rajajinagar,GSM,1000,1,0,404,71,144,44193
OCI_404_71_20484574,12.98,77.55,BSNL,60,2100,43,30,Rajajinagar,UMTS,1000,1,0,404,71,3312,20484574
OCI_405_34_44703,12.98,77.55,Unknown,65,900,43,35,Rajajinagar,GSM,1000,1,0,405,34,17000,44703
OCI_404_44_3892,12.98,77.55,Unknown,65,900,43,35,Rajajinagar,GSM,1000,1,0,404,44,1321,3892
OCI_404_45_61964,12.98,77.55,Airtel,70,1800,46,30,Rajajinagar,LTE,1000,1,0,404,45,8540,61964
OCI_404_45_27471047,12.98,77.55,Airtel,60,2100,43,30,Rajajinagar,UMTS,1000,1,0,404,45,34193,27471047
OCI_404_45_27486436,12.98,77.54,Airtel,60,2100,43,30,Rajajinagar,UMTS,1000,1,0,404,45,34192,27486436
OCI_404_71_44211,12.98,77.55,BSNL,65,900,43,35,Rajajinagar,GSM,1000,1,0,404,71,144,44211
OCI_404_86_48852,12.98,77.55,Vi,65,900,43,35,Rajajinagar,GSM,1000,1,0,404,86,31603,48852
OCI_404_71_44102,12.98,77.55,BSNL,65,900,43,35,Rajajinagar,GSM,1000,1,0,404,71,144,44102
OCI_404_71_44103,12.98,77.55,BSNL,65,900,43,35,Rajajinagar,GSM,1000,1,0,404,71,144,44103
OCI_405_861_3617810,12.98,77.55,Jio,60,2100,43,30,Rajajinagar,UMTS,1000,1,0,405,861,1,3617810
OCI_405_861_3617808,12.98,77.55,Jio,60,2100,43,30,Rajajinagar,UMTS,1000,1,0,405,861,1,3617808
OCI_404_45_18651,12.98,77.54,Airtel,65,900,43,35,Rajajinagar,GSM,1000,1,0,404,45,2637,18651
OCI_405_34_207124,12.98,77.54,Unknown,60,2100,43,30,Rajajinagar,UMTS,1000,1,0,405,34,10003,207124
OCI_405_34_224103,12.98,77.54,Unknown,60,2100,43,30,Rajajinagar,UMTS,1000,1,0,405,34,10003,224103
OCI_405_34_10512,12.98,77.54,Unknown,65,900,43,35,Rajajinagar,GSM,1000,1,0,405,34,17000,10512
OCI_404_45_49666,12.98,77.54,Airtel,70,1800,46,30,Rajajinagar,LTE,1000,1,0,404,45,1096,49666
OCI_404_86_48851,12.98,77.54,Vi,65,900,43,35,Rajajinagar,GSM,1000,1,0,404,86,50038,48851
OCI_404_45_17242,12.98,77.54,Airtel,65,900,43,35,Rajajinagar,GSM,1000,1,0,404,45,26591,17242
OCI_404_45_26851,12.98,77.54,Airtel,65,900,43,35,Rajajinagar,GSM,1000,1,0,404,45,26591,26851
OCI_404_45_167948,12.91,77.6,Airtel,70,1800,46,30,BTM Layout,LTE,1000,1,0,404,45,1011,167948
OCI_405_34_30563,12.91,77.6,Unknown,65,900,43,35,BTM Layout,GSM,1000,1,0,405,34,13001,30563
OCI_404_45_12883,12.91,77.61,Airtel,65,900,43,35,BTM Layout,GSM,1000,1,0,404,45,25045,12883
OCI_405_861_21284,12.91,77.61,Jio,70,1800,46,30,BTM Layout,LTE,1000,1,0,405,861,19,21284
OCI_404_45_26292821,12.91,77.61,Airtel,60,2100,43,30,BTM Layout,UMTS,1000,1,0,404,45,34012,26292821
OCI_405_34_292710,12.91,77.6,Unknown,60,2100,43,30,BTM Layout,UMTS,1000,1,0,405,34,10004,292710
OCI_405_861_20241,12.91,77.6,Jio,70,1800,46,30,BTM Layout,LTE,1000,1,0,405,861,18,20241
OCI_404_45_26345143,12.91,77.6,Airtel,60,2100,43,30,BTM Layout,UMTS,1000,1,0,404,45,34012,26345143
OCI_405_861_20530,12.91,77.61,Jio,70,1800,46,30,BTM Layout,LTE,1000,1,0,405,861,19,20530
OCI_404_45_6562,12.91,77.61,Airtel,65,900,43,35,BTM Layout,GSM,1000,1,0,404,45,460,6562
OCI_405_34_155599,12.91,77.61,Unknown,60,2100,43,30,BTM Layout,UMTS,1000,1,0,405,34,10004,155599
OCI_405_34_155599,12.91,77.61,Unknown,60,2100,43,30,BTM Layout,UMTS,1000,1,0,405,34,10002,155599
OCI_404_45_329738,12.91,77.61,Airtel,70,1800,46,30,BTM Layout,LTE,1000,1,0,404,45,1011,329738
OCI_404_44_40093,12.91,77.61,Unknown,65,900,43,35,BTM Layout,GSM,1000,1,0,404,44,1401,40093
OCI_405_861_21274,12.91,77.61,Jio,70,1800,46,30,BTM Layout,LTE,1000,1,0,405,861,19,21274
OCI_404_45_167938,12.91,77.6,Airtel,70,1800,46,30,BTM Layout,LTE,1000,1,0,404,45,8529,167938
OCI_404_44_41061,12.91,77.61,Unknown,65,900,43,35,BTM Layout,GSM,1000,1,0,404,44,1401,41061
OCI_404_86_6722,12.91,77.6,Vi,65,900,43,35,BTM Layout,GSM,1000,1,0,404,86,31301,6722
OCI_404_45_26297839,12.91,77.61,Airtel,60,2100,43,30,BTM Layout,UMTS,1000,1,0,404,45,34012,26297839
OCI_404_71_21457576,12.91,77.6,BSNL,60,2100,43,30,BTM Layout,UMTS,1000,1,0,404,71,3327,21457576
OCI_404_44_41102,12.91,77.61,Unknown,65,900,43,35,BTM Layout,GSM,4157,1,0,404,44,1400,41102
OCI_404_45_17903,12.91,77.6,Airtel,65,900,43,35,BTM Layout,GSM,1000,1,0,404,45,21863,17903
OCI_404_45_167937,12.91,77.61,Airtel,70,1800,46,30,BTM Layout,LTE,1000,1,0,404,45,1011,167937
OCI_404_45_61811,12.91,77.61,Airtel,65,900,43,35,BTM Layout,GSM,1000,1,0,404,45,25045,61811
OCI_404_86_6241,12.91,77.6,Vi,65,900,43,35,BTM Layout,GSM,1000,1,0,404,86,61011,6241
OCI_404_86_6242,12.91,77.61,Vi,65,900,43,35,BTM Layout,GSM,1000,1,0,404,86,61011,6242
OCI_404_45_26314199,12.91,77.61,Airtel,60,2100,43,30,BTM Layout,UMTS,1000,1,0,404,45,34012,26314199
OCI_404_45_52421,12.91,77.6,Airtel,65,900,43,35,BTM Layout,GSM,1000,1,0,404,45,21863,52421
OCI_404_45_6562,12.91,77.61,Airtel,65,900,43,35,BTM Layout,GSM,1000,1,0,404,45,25045,6562
OCI_404_45_24602,12.91,77.6,Airtel,65,900,43,35,BTM Layout,GSM,1317,1,0,404,45,21863,24602
OCI_404_45_26426155,12.9,77.63,Airtel,60,2100,43,30,HSR Layout,UMTS,1000,1,0,404,45,34034,26426155
OCI_405_34_13072,12.9,77.63,Unknown,65,900,43,35,HSR Layout,GSM,1000,1,0,405,34,11000,13072
OCI_405_34_161499,12.9,77.64,Unknown,60,2100,43,30,HSR Layout,UMTS,1000,1,0,405,34,10002,161499
OCI_404_86_20969470,12.9,77.63,Vi,60,2100,43,30,HSR Layout,UMTS,1000,1,0,404,86,21901,20969470
OCI_404_45_629505,12.9,77.63,Airtel,70,1800,46,30,HSR Layout,LTE,1000,1,0,404,45,1090,629505
OCI_404_86_20867285,12.9,77.63,Vi,60,2100,43,30,HSR Layout,UMTS,1000,1,0,404,86,21801,20867285
OCI_405_34_30423,12.9,77.64,Unknown,65,900,43,35,HSR Layout,GSM,1000,1,0,405,34,11000,30423
OCI_405_861_4045330,12.9,77.63,Jio,70,1800,46,30,HSR Layout,LTE,1000,1,0,405,861,19,4045330
OCI_404_45_232707072,12.9,77.63,Airtel,70,1800,46,30,HSR Layout,LTE,1000,1,0,404,45,8258,232707072
OCI_404_45_27287568,12.9,77.63,Airtel,60,2100,43,30,HSR Layout,UMTS,1000,1,0,404,45,34162,27287568
OCI_404_86_4641,12.9,77.63,Vi,65,900,43,35,HSR Layout,GSM,1000,1,0,404,86,31801,4641
OCI_404_86_205879815,12.9,77.63,Vi,70,1800,46,30,HSR Layout,LTE,1000,1,0,404,86,54137,205879815
OCI_404_86_20865015,12.9,77.63,Vi,60,2100,43,30,HSR Layout,UMTS,1000,1,0,404,86,21801,20865015
OCI_404_45_1761290,12.9,77.63,Airtel,70,1800,46,30,HSR Layout,LTE,1000,1,0,404,45,8371,1761290
OCI_404_71_12097,12.9,77.63,BSNL,65,900,43,35,HSR Layout,GSM,1000,1,0,404,71,2512,12097
OCI_404_45_8352,12.9,77.64,Airtel,65,900,43,35,HSR Layout,GSM,1000,1,0,404,45,25072,8352
OCI_404_45_213771,12.9,77.64,Airtel,70,1800,46,30,HSR Layout,LTE,1000,1,0,404,45,1064,213771
OCI_404_45_26424731,12.9,77.63,Airtel,60,2100,43,30,HSR Layout,UMTS,1000,1,0,404,45,34034,26424731
OCI_404_86_12293,12.9,77.63,Vi,65,900,43,35,HSR Layout,GSM,1000,1,0,404,86,65525,12293
OCI_405_803_13542,12.9,77.63,Unknown,65,900,43,35,HSR Layout,GSM,1000,1,0,405,803,1122,13542
OCI_405_803_28581,12.9,77.63,Unknown,65,900,43,35,HSR Layout,GSM,1000,1,0,405,803,1122,28581
OCI_404_45_48441,12.9,77.63,Airtel,65,900,43,35,HSR Layout,GSM,1000,1,0,404,45,25032,48441
OCI_404_45_48421,12.9,77.63,Airtel,65,900,43,35,HSR Layout,GSM,1000,1,0,404,45,25032,48421
OCI_404_45_26414149,12.9,77.63,Airtel,60,2100,43,30,HSR Layout,UMTS,1000,1,0,404,45,34031,26414149
OCI_404_45_8351,12.9,77.63,Airtel,65,900,43,35,HSR Layout,GSM,1000,1,0,404,45,4040,8351
OCI_404_45_9911,12.9,77.63,Airtel,65,900,43,35,HSR Layout,GSM,1000,1,0,404,45,4040,9911
OCI_404_45_15141,12.9,77.63,Airtel,65,900,43,35,HSR Layout,GSM,1000,1,0,404,45,4040,15141
OCI_404_45_26440741,12.9,77.63,Airtel,60,2100,43,30,HSR Layout,UMTS,1000,1,0,404,45,34034,26440741
OCI_405_803_13199504,12.9,77.63,Unknown,60,2100,43,30,HSR Layout,UMTS,1000,1,0,405,803,2012,13199504
OCI_404_45_27270288,12.9,77.63,Airtel,60,2100,43,30,HSR Layout,UMTS,1000,1,0,404,45,34034,27270288
OCI_404_86_20957682,12.82,77.65,Vi,60,2100,43,30,Electronic City,UMTS,1000,1,0,404,86,21901,20957682
OCI_404_45_28051,12.82,77.65,Airtel,65,900,43,35,Electronic City,GSM,2005,1,0,404,45,25093,28051
OCI_405_861_1545521,12.82,77.65,Jio,70,1800,46,30,Electronic City,LTE,1000,1,0,405,861,14,1545521
OCI_404_86_13432,12.82,77.65,Vi,65,900,43,35,Electronic City,GSM,1000,1,0,404,86,51114,13432
OCI_404_86_20957771,12.82,77.65,Vi,60,2100,43,30,Electronic City,UMTS,1000,1,0,404,86,21902,20957771
OCI_405_861_285717,12.82,77.65,Jio,70,1800,46,30,Electronic City,LTE,1000,1,0,405,861,14,285717
OCI_405_861_2216208,12.82,77.65,Jio,70,1800,46,30,Electronic City,LTE,1000,1,0,405,861,14,2216208
OCI_404_86_20966781,12.82,77.65,Vi,60,2100,43,30,Electronic City,UMTS,1000,1,0,404,86,21902,20966781
OCI_404_45_563467,12.82,77.66,Airtel,70,1800,46,30,Electronic City,LTE,1000,1,0,404,45,3303,563467
OCI_404_45_21751,12.82,77.65,Airtel,65,900,43,35,Electronic City,GSM,1000,1,0,404,45,10682,21751
OCI_405_861_1738033,12.82,77.65,Jio,70,1800,46,30,Electronic City,LTE,1000,1,0,405,861,14,1738033
OCI_404_45_534027,12.82,77.65,Airtel,70,1800,46,30,Electronic City,LTE,1000,1,0,404,45,3301,534027
OCI_405_861_1926706,12.82,77.65,Jio,70,1800,46,30,Electronic City,LTE,1000,1,0,405,861,14,1926706
OCI_405_861_1926677,12.82,77.65,Jio,70,1800,46,30,Electronic City,LTE,1000,1,0,405,861,14,1926677
OCI_405_861_1926674,12.82,77.65,Jio,70,1800,46,30,Electronic City,LTE,1000,1,0,405,861,14,1926674
OCI_405_861_2325285,12.82,77.65,Jio,70,1800,46,30,Electronic City,LTE,1000,1,0,405,861,14,2325285
OCI_404_45_556811,12.82,77.65,Airtel,70,1800,46,30,Electronic City,LTE,1000,1,0,404,45,8226,556811
OCI_404_45_187404,12.82,77.66,Airtel,70,1800,46,30,Electronic City,LTE,1000,1,0,404,45,3303,187404
OCI_404_45_28133017,12.82,77.66,Airtel,60,2100,43,30,Electronic City,UMTS,1000,1,0,404,45,34291,28133017
OCI_404_45_718090,12.82,77.66,Airtel,70,1800,46,30,Electronic City,LTE,1000,1,0,404,45,3301,718090
OCI_404_45_462604,12.82,77.66,Airtel,70,1800,46,30,Electronic City,LTE,1000,1,0,404,45,8226,462604
OCI_404_45_19301,12.82,77.66,Airtel,65,900,43,35,Electronic City,GSM,1000,1,0,404,45,25093,19301
OCI_404_45_26449111,12.82,77.66,Airtel,60,2100,43,30,Electronic City,UMTS,1000,1,0,404,45,34033,26449111
OCI_404_45_718080,12.82,77.66,Airtel,70,1800,46,30,Electronic City,LTE,1000,1,0,404,45,3301,718080
OCI_404_86_20957691,12.82,77.65,Vi,60,2100,43,30,Electronic City,UMTS,1000,1,0,404,86,21902,20957691
OCI_404_45_231398156,12.82,77.66,Airtel,70,1800,46,30,Electronic City,LTE,1000,1,0,404,45,3303,231398156
OCI_404_45_59742,12.82,77.66,Airtel,65,900,43,35,Electronic City,GSM,1000,1,0,404,45,25092,59742
OCI_404_45_28153936,12.82,77.66,Airtel,60,2100,43,30,Electronic City,UMTS,1000,1,0,404,45,34291,28153936
OCI_404_45_38993,12.82,77.66,Airtel,60,2100,43,30,Electronic City,UMTS,1000,1,0,404,45,25092,38993
OCI_404_45_20862,12.82,77.65,Airtel,65,900,43,35,Electronic City,GSM,1000,1,0,404,45,10682,20862
OCI_405_861_328465,12.95,77.74,Jio,70,1800,46,30,Whitefield,LTE,1000,1,0,405,861,15,328465
OCI_404_45_27854758,12.95,77.74,Airtel,60,2100,43,30,Whitefield,UMTS,1000,1,0,404,45,34253,27854758
OCI_404_45_32742,12.95,77.74,Airtel,65,900,43,35,Whitefield,GSM,1000,1,0,404,45,25061,32742
OCI_404_44_12192,12.95,77.75,Unknown,65,900,43,35,Whitefield,GSM,1000,1,0,404,44,1300,12192
OCI_405_861_880163,12.95,77.74,Jio,70,1800,46,30,Whitefield,LTE,1000,1,0,405,861,15,880163
OCI_405_34_176679,12.95,77.75,Unknown,60,2100,43,30,Whitefield,UMTS,1000,1,0,405,34,10015,176679
OCI_404_45_10753,12.95,77.75,Airtel,65,900,43,35,Whitefield,GSM,1000,1,0,404,45,11621,10753
OCI_404_45_46111,12.95,77.75,Airtel,65,900,43,35,Whitefield,GSM,1000,1,0,404,45,11621,46111
OCI_404_45_659212,12.95,77.74,Airtel,70,1800,46,30,Whitefield,LTE,1000,1,0,404,45,8367,659212
OCI_405_34_58243,12.95,77.74,Unknown,65,900,43,35,Whitefield,GSM,1000,1,0,405,34,25000,58243
OCI_404_86_41162,12.95,77.75,Vi,65,900,43,35,Whitefield,GSM,1000,1,0,404,86,50003,41162
OCI_404_45_58171,12.95,77.74,Airtel,65,900,43,35,Whitefield,GSM,1278,1,0,404,45,21832,58171
OCI_404_86_39442,12.95,77.74,Vi,65,900,43,35,Whitefield,GSM,1000,1,0,404,86,31803,39442
OCI_404_86_205809672,12.95,77.74,Vi,70,1800,46,30,Whitefield,LTE,1000,1,0,404,86,54138,205809672
OCI_404_45_22602,12.95,77.75,Airtel,65,900,43,35,Whitefield,GSM,1000,1,0,404,45,11221,22602
OCI_404_44_9462,12.95,77.74,Unknown,65,900,43,35,Whitefield,GSM,1000,1,0,404,44,1300,9462
OCI_404_86_40833,12.95,77.75,Vi,65,900,43,35,Whitefield,GSM,1000,1,0,404,86,50035,40833
OCI_404_86_40834,12.95,77.74,Vi,65,900,43,35,Whitefield,GSM,1000,1,0,404,86,50035,40834
OCI_404_86_20812987,12.95,77.73,Vi,60,2100,43,30,Whitefield,UMTS,1371,1,0,404,86,21702,20812987
OCI_405_34_40884,12.95,77.74,Unknown,65,900,43,35,Whitefield,GSM,1000,1,0,405,34,25000,40884
OCI_404_44_22691,12.95,77.74,Unknown,65,900,43,35,Whitefield,GSM,1000,1,0,404,44,2224,22691
OCI_404_86_104,12.95,77.74,Vi,65,900,43,35,Whitefield,GSM,1000,1,0,404,86,31703,104
OCI_404_45_1953,12.95,77.73,Airtel,65,900,43,35,Whitefield,GSM,1416,1,0,404,45,25085,1953
OCI_404_45_47337740,12.95,77.74,Airtel,70,1800,46,30,Whitefield,LTE,1000,1,0,404,45,9178,47337740
OCI_404_86_8682,12.95,77.74,Vi,65,900,43,35,Whitefield,GSM,1000,1,0,404,86,31703,8682
OCI_405_861_1063973,12.95,77.73,Jio,70,1800,46,30,Whitefield,LTE,1000,1,0,405,861,15,1063973
OCI_405_34_368567,12.95,77.74,Unknown,60,2100,43,30,Whitefield,UMTS,1000,1,0,405,34,10005,368567
OCI_404_45_27854752,12.95,77.74,Airtel,60,2100,43,30,Whitefield,UMTS,1000,1,0,404,45,34253,27854752
OCI_404_45_27199392,12.95,77.74,Airtel,60,2100,43,30,Whitefield,UMTS,1000,1,0,404,45,34156,27199392
OCI_404_44_11973,12.95,77.74,Unknown,65,900,43,35,Whitefield,GSM,1000,1,0,404,44,1300,11973
OCI_404_45_29543,12.95,77.7,Airtel,65,900,43,35,Marathahalli,GSM,1000,1,0,404,45,25071,29543
OCI_404_45_29542,12.95,77.7,Airtel,65,900,43,35,Marathahalli,GSM,1000,1,0,404,45,25071,29542
OCI_405_861_256277,12.95,77.7,Jio,70,1800,46,30,Marathahalli,LTE,1000,1,0,405,861,13,256277
OCI_404_86_20902326,12.95,77.69,Vi,60,2100,43,30,Marathahalli,UMTS,1000,1,0,404,86,21802,20902326
OCI_405_803_62333,12.95,77.7,Unknown,65,900,43,35,Marathahalli,GSM,1000,1,0,405,803,1162,62333
OCI_404_86_20788920,12.95,77.7,Vi,60,2100,43,30,Marathahalli,UMTS,1000,1,0,404,86,21702,20788920
OCI_404_45_64173,12.95,77.7,Airtel,65,900,43,35,Marathahalli,GSM,1049,1,0,404,45,25061,64173
OCI_404_45_27420165,12.95,77.69,Airtel,60,2100,43,30,Marathahalli,UMTS,1000,1,0,404,45,34182,27420165
OCI_404_86_20902034,12.95,77.7,Vi,60,2100,43,30,Marathahalli,UMTS,1000,1,0,404,86,21802,20902034
OCI_404_86_45153,12.95,77.7,Vi,65,900,43,35,Marathahalli,GSM,1000,1,0,404,86,31702,45153
OCI_404_45_27431419,12.95,77.7,Airtel,60,2100,43,30,Marathahalli,UMTS,1000,1,0,404,45,34182,27431419
OCI_405_861_774960,12.95,77.7,Jio,70,1800,46,30,Marathahalli,LTE,1000,1,0,405,861,27,774960
OCI_405_861_1842212,12.95,77.7,Jio,70,1800,46,30,Marathahalli,LTE,1000,1,0,405,861,27,1842212
OCI_404_45_27458227,12.95,77.7,Airtel,60,2100,43,30,Marathahalli,UMTS,1000,1,0,404,45,34182,27458227
OCI_404_45_774402,12.95,77.69,Airtel,60,2100,43,30,Marathahalli,UMTS,3861,1,0,404,45,1070,774402
OCI_405_861_2913302,12.95,77.7,Jio,70,1800,46,30,Marathahalli,LTE,1000,1,0,405,861,27,2913302
OCI_404_45_27416627,12.95,77.7,Airtel,60,2100,43,30,Marathahalli,UMTS,1230,1,0,404,45,34182,27416627
OCI_404_44_2463,12.95,77.7,Unknown,65,900,43,35,Marathahalli,GSM,1000,1,0,404,44,2224,2463
OCI_405_803_20043,12.95,77.7,Unknown,65,900,43,35,Marathahalli,GSM,1000,1,0,405,803,1162,20043
OCI_404_86_49752,12.95,77.7,Vi,65,900,43,35,Marathahalli,GSM,1000,1,0,404,86,31802,49752
OCI_404_45_27458221,12.95,77.7,Airtel,60,2100,43,30,Marathahalli,UMTS,1000,1,0,404,45,34182,27458221
OCI_404_45_27410160,12.95,77.7,Airtel,60,2100,43,30,Marathahalli,UMTS,1000,1,0,404,45,34182,27410160
OCI_404_45_9121,12.95,77.7,Airtel,65,900,43,35,Marathahalli,GSM,1866,1,0,404,45,25079,9121
OCI_405_861_34126352,12.95,77.7,Jio,70,1800,46,30,Marathahalli,LTE,1000,1,0,405,861,13,34126352
OCI_404_45_26111,12.95,77.69,Airtel,65,900,43,35,Marathahalli,GSM,1000,1,0,404,45,25061,26111
OCI_405_861_5852978,12.95,77.7,Jio,70,1800,46,30,Marathahalli,LTE,1000,1,0,405,861,15,5852978
OCI_404_45_424971,12.95,77.69,Airtel,70,1800,46,30,Marathahalli,LTE,1288,1,0,404,45,8242,424971
OCI_404_86_30462,12.95,77.69,Vi,65,900,43,35,Marathahalli,GSM,1000,1,0,404,86,31803,30462
OCI_404_86_30462,12.95,77.69,Vi,65,900,43,35,Marathahalli,GSM,1000,1,0,404,86,57002,30462
OCI_404_86_20803489,12.95,77.7,Vi,60,2100,43,30,Marathahalli,UMTS,1000,1,0,404,86,21702,20803489
OCI_405_861_3703571,13.02,77.58,Jio,70,1800,46,30,Hebbal,LTE,1000,1,0,405,861,129,3703571
OCI_404_45_4108,13.02,77.58,Airtel,70,1800,46,30,Hebbal,LTE,1000,1,0,404,45,8258,4108
OCI_404_45_4097,13.02,77.58,Airtel,70,1800,46,30,Hebbal,LTE,1000,1,0,404,45,8258,4097
OCI_404_45_27721891,13.02,77.58,Airtel,60,2100,43,30,Hebbal,UMTS,1000,1,0,404,45,34232,27721891
OCI_404_45_163,13.02,77.58,Airtel,65,900,43,35,Hebbal,GSM,1000,1,0,404,45,1020,163
OCI_404_45_65233,13.02,77.58,Airtel,65,900,43,35,Hebbal,GSM,1000,1,0,404,45,25128,65233
OCI_405_861_844048,13.02,77.58,Jio,70,1800,46,30,Hebbal,LTE,1000,1,0,405,861,129,844048
OCI_404_86_43941,13.02,77.58,Vi,65,900,43,35,Hebbal,GSM,1000,1,0,404,86,31201,43941
OCI_404_71_20414187,13.02,77.6,BSNL,60,2100,43,30,Hebbal,UMTS,1000,1,0,404,71,3311,20414187
OCI_405_10_50153,13.02,77.58,Airtel,65,900,43,35,Hebbal,GSM,1000,1,0,405,10,10061,50153
OCI_404_86_205056520,13.02,77.59,Vi,70,1800,46,30,Hebbal,LTE,1000,1,0,404,86,54109,205056520
OCI_404_44_10891307,13.02,77.59,Unknown,60,2100,43,30,Hebbal,UMTS,1000,1,0,404,44,41202,10891307
OCI_404_45_1587200,13.02,77.59,Airtel,70,1800,46,30,Hebbal,LTE,1000,1,0,404,45,1067,1587200
OCI_404_45_27754141,13.02,77.6,Airtel,60,2100,43,30,Hebbal,UMTS,9028,1,0,404,45,34232,27754141
OCI_404_45_4133,13.02,77.58,Airtel,70,1800,46,30,Hebbal,LTE,1000,1,0,404,45,9163,4133
OCI_405_803_24713,13.02,77.58,Unknown,65,900,43,35,Hebbal,GSM,1000,1,0,405,803,1322,24713
OCI_404_44_25592,13.02,77.58,Unknown,65,900,43,35,Hebbal,GSM,1000,1,0,404,44,1301,25592
OCI_405_861_1050386,13.02,77.59,Jio,70,1800,46,30,Hebbal,LTE,1000,1,0,405,861,3,1050386
OCI_405_861_1050389,13.02,77.59,Jio,70,1800,46,30,Hebbal,LTE,1000,1,0,405,861,3,1050389
OCI_404_45_1193,13.02,77.59,Airtel,65,900,43,35,Hebbal,GSM,1000,1,0,404,45,2234,1193
OCI_405_34_86433,13.02,77.58,Unknown,60,2100,43,30,Hebbal,UMTS,1000,1,0,405,34,10007,86433
OCI_404_86_2782,13.02,77.59,Vi,65,900,43,35,Hebbal,GSM,1000,1,0,404,86,50020,2782
OCI_404_86_205924870,13.02,77.59,Vi,70,1800,46,30,Hebbal,LTE,1000,1,0,404,86,54109,205924870
OCI_404_45_30465,13.02,77.6,Airtel,70,1800,46,30,Hebbal,LTE,1000,1,0,404,45,1067,30465
OCI_404_86_204871176,13.02,77.59,Vi,70,1800,46,30,Hebbal,LTE,1000,1,0,404,86,54109,204871176
OCI_404_86_2787611,13.02,77.58,Vi,70,1800,46,30,Hebbal,LTE,1000,1,0,404,86,129,2787611
OCI_404_45_4108,13.02,77.58,Airtel,70,1800,46,30,Hebbal,LTE,1000,1,0,404,45,9163,4108
OCI_404_45_26345635,13.02,77.58,Airtel,60,2100,43,30,Hebbal,UMTS,1000,1,0,404,45,34022,26345635
OCI_405_10_50113,13.02,77.58,Airtel,65,900,43,35,Hebbal,GSM,1000,1,0,405,10,10061,50113
OCI_404_45_163,13.02,77.58,Airtel,65,900,43,35,Hebbal,GSM,1000,1,0,404,45,25134,163
OCI_404_45_181245982,12.98,77.7,Airtel,70,1800,46,30,KR Puram,LTE,1000,1,0,404,45,8891,181245982
OCI_404_45_206987010,12.98,77.69,Airtel,70,1800,46,30,KR Puram,LTE,1000,1,0,404,45,8249,206987010
OCI_404_45_10142,12.98,77.7,Airtel,65,900,43,35,KR Puram,GSM,1000,1,0,404,45,25083,10142
OCI_404_45_181272883,12.98,77.7,Airtel,70,1800,46,30,KR Puram,LTE,1000,1,0,404,45,8373,181272883
OCI_404_45_231625483,12.98,77.7,Airtel,60,2100,43,30,KR Puram,UMTS,1000,1,0,404,45,8363,231625483
OCI_404_45_231625513,12.98,77.7,Airtel,70,1800,46,30,KR Puram,LTE,1000,1,0,404,45,8363,231625513
OCI_404_45_3023362,12.98,77.7,Airtel,70,1800,46,30,KR Puram,LTE,1000,1,0,404,45,8373,3023362
OCI_404_45_3023372,12.98,77.7,Airtel,70,1800,46,30,KR Puram,LTE,1000,1,0,404,45,8373,3023372
OCI_404_45_181073214,12.98,77.7,Airtel,70,1800,46,30,KR Puram,LTE,1000,1,0,404,45,8373,181073214
OCI_404_45_181245954,12.98,77.7,Airtel,70,1800,46,30,KR Puram,LTE,1000,1,0,404,45,8373,181245954
OCI_404_45_515861,12.98,77.7,Airtel,70,1800,46,30,KR Puram,LTE,1000,1,0,404,45,8373,515861
OCI_404_45_181245974,12.98,77.7,Airtel,70,1800,46,30,KR Puram,LTE,1000,1,0,404,45,8242,181245974
OCI_404_45_181073204,12.98,77.7,Airtel,70,1800,46,30,KR Puram,LTE,1000,1,0,404,45,8373,181073204
OCI_404_45_181245954,12.98,77.7,Airtel,70,1800,46,30,KR Puram,LTE,1000,1,0,404,45,8242,181245954
OCI_404_45_47211,12.98,77.69,Airtel,65,900,43,35,KR Puram,GSM,1000,1,0,404,45,25053,47211
OCI_404_71_20415398,12.98,77.69,BSNL,60,2100,43,30,KR Puram,UMTS,1000,1,0,404,71,3311,20415398
OCI_405_861_251153,12.98,77.69,Jio,70,1800,46,30,KR Puram,LTE,1000,1,0,405,861,35,251153
OCI_404_45_27414179,12.98,77.69,Airtel,60,2100,43,30,KR Puram,UMTS,1000,1,0,404,45,34188,27414179
OCI_404_44_12021,12.98,77.69,Unknown,65,900,43,35,KR Puram,GSM,1000,1,0,404,44,1301,12021
OCI_405_803_15852,12.98,77.69,Unknown,65,900,43,35,KR Puram,GSM,1000,1,0,405,803,1191,15852
OCI_404_45_24412,12.98,77.69,Airtel,65,900,43,35,KR Puram,GSM,1000,1,0,404,45,1426,24412
OCI_404_45_61731,12.98,77.69,Airtel,65,900,43,35,KR Puram,GSM,1000,1,0,404,45,1425,61731
OCI_404_71_20414938,12.98,77.69,BSNL,60,2100,43,30,KR Puram,UMTS,1000,1,0,404,71,3320,20414938
OCI_404_45_46781,12.98,77.69,Airtel,65,900,43,35,KR Puram,GSM,1000,1,0,404,45,1426,46781
OCI_404_45_7181,12.98,77.69,Airtel,65,900,43,35,KR Puram,GSM,1000,1,0,404,45,1426,7181
OCI_404_45_45443,12.98,77.69,Airtel,65,900,43,35,KR Puram,GSM,1000,1,0,404,45,1426,45443
OCI_405_803_13184823,12.98,77.69,Unknown,60,2100,43,30,KR Puram,UMTS,1000,1,0,405,803,2011,13184823
OCI_404_71_50223,12.98,77.69,BSNL,60,2100,43,30,KR Puram,UMTS,1000,1,0,404,71,150,50223
OCI_404_71_20992085,12.98,77.69,BSNL,60,2100,43,30,KR Puram,UMTS,1000,1,0,404,71,3311,20992085
OCI_404_86_27572333,12.98,77.69,Vi,60,2100,43,30,KR Puram,UMTS,1000,1,0,404,86,21701,27572333
OCI_404_86_20462,13.08,77.59,Vi,65,900,43,35,Yelahanka,GSM,1000,1,0,404,86,33101,20462
OCI_404_86_18242,13.08,77.59,Vi,65,900,43,35,Yelahanka,GSM,1000,1,0,404,86,50019,18242
OCI_404_45_283904,13.08,77.59,Airtel,70,1800,46,30,Yelahanka,LTE,1000,1,0,404,45,8255,283904
OCI_404_45_12453,13.08,77.58,Airtel,65,900,43,35,Yelahanka,GSM,1000,1,0,404,45,2941,12453
OCI_404_45_27619959,13.08,77.58,Airtel,60,2100,43,30,Yelahanka,UMTS,1000,1,0,404,45,34212,27619959
OCI_405_34_229515,13.08,77.58,Unknown,60,2100,43,30,Yelahanka,UMTS,1000,1,0,405,34,10013,229515
OCI_405_861_1905444,13.08,77.58,Jio,70,1800,46,30,Yelahanka,LTE,1000,1,0,405,861,39,1905444
OCI_404_45_27619917,13.08,77.59,Airtel,60,2100,43,30,Yelahanka,UMTS,1000,1,0,404,45,34212,27619917
OCI_404_45_12451,13.08,77.59,Airtel,65,900,43,35,Yelahanka,GSM,1000,1,0,404,45,10561,12451
OCI_404_86_9051,13.08,77.59,Vi,65,900,43,35,Yelahanka,GSM,1000,1,0,404,86,50019,9051
OCI_404_45_29302,13.08,77.59,Airtel,65,900,43,35,Yelahanka,GSM,1000,1,0,404,45,10561,29302
OCI_404_45_29262,13.08,77.59,Airtel,65,900,43,35,Yelahanka,GSM,1000,1,0,404,45,25122,29262
OCI_405_861_1905426,13.08,77.59,Jio,70,1800,46,30,Yelahanka,LTE,1000,1,0,405,861,39,1905426
OCI_404_45_27601747,13.08,77.59,Airtel,60,2100,43,30,Yelahanka,UMTS,1000,1,0,404,45,34212,27601747
OCI_404_44_5852,13.08,77.59,Unknown,65,900,43,35,Yelahanka,GSM,1000,1,0,404,44,1390,5852
OCI_404_45_750092,13.09,77.58,Airtel,70,1800,46,30,Yelahanka,LTE,1000,1,0,404,45,8255,750092
OCI_404_45_750082,13.09,77.58,Airtel,70,1800,46,30,Yelahanka,LTE,1000,1,0,404,45,8255,750082
OCI_404_45_27603109,13.09,77.58,Airtel,60,2100,43,30,Yelahanka,UMTS,1000,1,0,404,45,34212,27603109
OCI_404_44_2683,13.09,77.59,Unknown,65,900,43,35,Yelahanka,GSM,1000,1,0,404,44,1392,2683
OCI_404_45_11091,13.09,77.59,Airtel,65,900,43,35,Yelahanka,GSM,1000,1,0,404,45,10561,11091
OCI_405_34_58141,13.09,77.59,Unknown,65,900,43,35,Yelahanka,GSM,1000,1,0,405,34,22001,58141
OCI_404_71_20416329,13.09,77.58,BSNL,60,2100,43,30,Yelahanka,UMTS,1000,1,0,404,71,3311,20416329
OCI_404_71_20482555,13.09,77.58,BSNL,60,2100,43,30,Yelahanka,UMTS,1000,1,0,404,71,3312,20482555
OCI_404_45_27619958,13.09,77.58,Airtel,60,2100,43,30,Yelahanka,UMTS,1000,1,0,404,45,34212,27619958
OCI_405_34_223364,13.09,77.58,Unknown,60,2100,43,30,Yelahanka,UMTS,1000,1,0,405,34,10013,223364
OCI_404_45_27340963,13.09,77.59,Airtel,60,2100,43,30,Yelahanka,UMTS,1000,1,0,404,45,34171,27340963
OCI_404_86_18243,13.09,77.59,Vi,65,900,43,35,Yelahanka,GSM,1000,1,0,404,86,50019,18243
OCI_404_45_318720,13.09,77.59,Airtel,70,1800,46,30,Yelahanka,LTE,1000,1,0,404,45,1027,318720
OCI_404_45_318731,13.09,77.59,Airtel,70,1800,46,30,Yelahanka,LTE,1000,1,0,404,45,1027,318731
OCI_404_45_27603108,13.09,77.59,Airtel,60,2100,43,30,Yelahanka,UMTS,1000,1,0,404,45,34212,27603108
OCI_405_861_1637425,12.78,77.57,Jio,70,1800,46,30,Bannerghatta,LTE,1000,1,0,405,861,38,1637425
OCI_405_861_1641764,12.78,77.57,Jio,70,1800,46,30,Bannerghatta,LTE,1000,1,0,405,861,38,1641764
OCI_404_45_27215901,12.78,77.56,Airtel,60,2100,43,30,Bannerghatta,UMTS,1000,1,0,404,45,34154,27215901
OCI_405_861_1649456,12.78,77.56,Jio,70,1800,46,30,Bannerghatta,LTE,1000,1,0,405,861,14,1649456
OCI_405_861_1647653,12.79,77.57,Jio,70,1800,46,30,Bannerghatta,LTE,1000,1,0,405,861,14,1647653
OCI_404_45_28144934,12.79,77.57,Airtel,60,2100,43,30,Bannerghatta,UMTS,1000,1,0,404,45,34291,28144934
OCI_404_45_28144934,12.79,77.57,Airtel,60,2100,43,30,Bannerghatta,UMTS,1000,1,0,404,45,34162,28144934
OCI_404_86_20958150,12.79,77.57,Vi,60,2100,43,30,Bannerghatta,UMTS,1000,1,0,404,86,21902,20958150
OCI_404_86_19692,12.79,77.59,Vi,65,900,43,35,Bannerghatta,GSM,1000,1,0,404,86,31001,19692
OCI_404_45_28136547,12.79,77.6,Airtel,60,2100,43,30,Bannerghatta,UMTS,1450,1,0,404,45,34291,28136547
OCI_404_44_7813,12.79,77.59,Unknown,65,900,43,35,Bannerghatta,GSM,1000,1,0,404,44,1410,7813
OCI_404_45_28178546,12.79,77.59,Airtel,60,2100,43,30,Bannerghatta,UMTS,1000,1,0,404,45,34291,28178546
OCI_404_86_20957732,12.8,77.56,Vi,60,2100,43,30,Bannerghatta,UMTS,1000,1,0,404,86,21302,20957732
OCI_404_86_13442,12.8,77.57,Vi,65,900,43,35,Bannerghatta,GSM,1000,1,0,404,86,51013,13442
OCI_404_44_40972,12.81,77.57,Unknown,65,900,43,35,Bannerghatta,GSM,1000,1,0,404,44,1400,40972
OCI_405_861_1174578,12.8,77.58,Jio,70,1800,46,30,Bannerghatta,LTE,1000,1,0,405,861,14,1174578
OCI_405_861_1174565,12.8,77.58,Jio,70,1800,46,30,Bannerghatta,LTE,1000,1,0,405,861,14,1174565
OCI_404_45_27280158,12.8,77.58,Airtel,60,2100,43,30,Bannerghatta,UMTS,1000,1,0,404,45,34164,27280158
OCI_404_45_63613,12.8,77.57,Airtel,65,900,43,35,Bannerghatta,GSM,1000,1,0,404,45,25091,63613
OCI_404_86_19693,12.8,77.57,Vi,65,900,43,35,Bannerghatta,GSM,1000,1,0,404,86,31001,19693
OCI_405_861_1174546,12.8,77.58,Jio,70,1800,46,30,Bannerghatta,LTE,1000,1,0,405,861,14,1174546
OCI_404_45_439809,12.8,77.58,Airtel,70,1800,46,30,Bannerghatta,LTE,1000,1,0,404,45,8127,439809
OCI_404_86_19692,12.8,77.58,Vi,65,900,43,35,Bannerghatta,GSM,1000,1,0,404,86,31903,19692
OCI_404_45_439808,12.8,77.58,Airtel,70,1800,46,30,Bannerghatta,LTE,1000,1,0,404,45,8127,439808
OCI_404_45_17183,12.8,77.57,Airtel,65,900,43,35,Bannerghatta,GSM,1000,1,0,404,45,25091,17183
OCI_404_45_28132133,12.8,77.58,Airtel,60,2100,43,30,Bannerghatta,UMTS,1000,1,0,404,45,34291,28132133
OCI_404_86_20957732,12.8,77.57,Vi,60,2100,43,30,Bannerghatta,UMTS,1000,1,0,404,86,21902,20957732
OCI_404_45_6203,12.8,77.58,Airtel,65,900,43,35,Bannerghatta,GSM,1000,1,0,404,45,25091,6203
OCI_404_86_19693,12.8,77.58,Vi,65,900,43,35,Bannerghatta,GSM,1000,1,0,404,86,31903,19693
OCI_404_45_61712,12.8,77.57,Airtel,60,2100,43,30,Bannerghatta,UMTS,1000,1,0,404,45,34291,61712
OCI_404_44_40052,12.86,77.63,Unknown,65,900,43,35,Hosur Road,GSM,1000,1,0,404,44,1400,40052
OCI_404_44_2891,12.86,77.64,Unknown,65,900,43,35,Hosur Road,GSM,1442,1,0,404,44,1311,2891
OCI_404_45_22092,12.86,77.65,Airtel,65,900,43,35,Hosur Road,GSM,1000,1,0,404,45,4475,22092
OCI_404_45_26433101,12.86,77.65,Airtel,60,2100,43,30,Hosur Road,UMTS,1000,1,0,404,45,34032,26433101
OCI_405_803_20822,12.86,77.65,Unknown,65,900,43,35,Hosur Road,GSM,1000,1,0,405,803,1161,20822
OCI_405_861_283173,12.86,77.65,Jio,70,1800,46,30,Hosur Road,LTE,1000,1,0,405,861,19,283173
OCI_404_45_28137042,12.86,77.65,Airtel,60,2100,43,30,Hosur Road,UMTS,1000,1,0,404,45,34032,28137042
OCI_404_44_13963,12.86,77.64,Unknown,65,900,43,35,Hosur Road,GSM,1000,1,0,404,44,1360,13963
OCI_404_71_21458498,12.86,77.64,BSNL,60,2100,43,30,Hosur Road,UMTS,1526,1,0,404,71,3327,21458498
OCI_404_45_565515,12.86,77.64,Airtel,70,1800,46,30,Hosur Road,LTE,1000,1,0,404,45,3303,565515
OCI_404_45_27843,12.86,77.64,Airtel,65,900,43,35,Hosur Road,GSM,1000,1,0,404,45,447,27843
OCI_404_45_22092,12.86,77.64,Airtel,65,900,43,35,Hosur Road,GSM,1000,1,0,404,45,447,22092
OCI_404_45_27842,12.86,77.64,Airtel,65,900,43,35,Hosur Road,GSM,1000,1,0,404,45,4475,27842
OCI_404_86_64281,12.86,77.64,Vi,65,900,43,35,Hosur Road,GSM,1000,1,0,404,86,50022,64281
OCI_404_45_10453,12.86,77.64,Airtel,65,900,43,35,Hosur Road,GSM,1000,1,0,404,45,447,10453
OCI_405_803_20823,12.86,77.64,Unknown,65,900,43,35,Hosur Road,GSM,1000,1,0,405,803,1161,20823
OCI_404_45_26438850,12.86,77.64,Airtel,60,2100,43,30,Hosur Road,UMTS,1000,1,0,404,45,34291,26438850
OCI_404_45_26474541,12.86,77.64,Airtel,60,2100,43,30,Hosur Road,UMTS,1000,1,0,404,45,54291,26474541
OCI_404_45_26474547,12.86,77.64,Airtel,60,2100,43,30,Hosur Road,UMTS,1000,1,0,404,45,34032,26474547
OCI_404_45_565506,12.86,77.65,Airtel,70,1800,46,30,Hosur Road,LTE,1000,1,0,404,45,1062,565506
OCI_404_45_28137037,12.86,77.65,Airtel,60,2100,43,30,Hosur Road,UMTS,1000,1,0,404,45,34291,28137037
OCI_404_45_565515,12.86,77.65,Airtel,70,1800,46,30,Hosur Road,LTE,1000,1,0,404,45,8551,565515
OCI_404_45_565506,12.86,77.65,Airtel,70,1800,46,30,Hosur Road,LTE,1000,1,0,404,45,8551,565506
OCI_404_45_18461,12.86,77.63,Airtel,65,900,43,35,Hosur Road,GSM,1311,1,0,404,45,25031,18461
OCI_404_86_20141,12.86,77.64,Vi,65,900,43,35,Hosur Road,GSM,1000,1,0,404,86,61011,20141
OCI_404_86_20920362,12.86,77.64,Vi,60,2100,43,30,Hosur Road,UMTS,1000,1,0,404,86,21901,20920362
OCI_405_861_283154,12.86,77.64,Jio,70,1800,46,30,Hosur Road,LTE,1000,1,0,405,861,19,283154
OCI_405_803_28523,12.86,77.64,Unknown,65,900,43,35,Hosur Road,GSM,1000,1,0,405,803,1161,28523
OCI_404_44_2692,12.86,77.64,Unknown,65,900,43,35,Hosur Road,GSM,1000,1,0,404,44,1311,2692
OCI_404_86_49113,12.86,77.63,Vi,65,900,43,35,Hosur Road,GSM,1000,1,0,404,86,31901,49113
OCI_404_44_17781,13.04,77.55,Unknown,65,900,43,35,Tumkur Road,GSM,1000,1,0,404,44,1370,17781
OCI_404_71_20483425,13.04,77.54,BSNL,60,2100,43,30,Tumkur Road,UMTS,1406,1,0,404,71,3312,20483425
OCI_404_45_47774,13.04,77.54,Airtel,65,900,43,35,Tumkur Road,GSM,1000,1,0,404,45,25132,47774
OCI_404_44_25783,13.04,77.54,Unknown,65,900,43,35,Tumkur Road,GSM,1000,1,0,404,44,1017,25783
OCI_404_71_33015806,13.04,77.54,BSNL,60,2100,43,30,Tumkur Road,UMTS,1000,1,0,404,71,10001,33015806
OCI_405_861_3892241,13.04,77.54,Jio,70,1800,46,30,Tumkur Road,LTE,1000,1,0,405,861,23,3892241
OCI_404_45_33543,13.04,77.54,Airtel,65,900,43,35,Tumkur Road,GSM,1000,1,0,404,45,25131,33543
OCI_405_34_28492,13.04,77.55,Unknown,65,900,43,35,Tumkur Road,GSM,1000,1,0,405,34,11700,28492
OCI_404_44_25793,13.04,77.55,Unknown,65,900,43,35,Tumkur Road,GSM,1397,1,0,404,44,1017,25793
OCI_404_45_1222912,13.04,77.54,Airtel,70,1800,46,30,Tumkur Road,LTE,1000,1,0,404,45,1066,1222912
OCI_404_45_27769499,13.04,77.54,Airtel,60,2100,43,30,Tumkur Road,UMTS,1000,1,0,404,45,34231,27769499
OCI_404_86_61354,13.04,77.54,Vi,65,900,43,35,Tumkur Road,GSM,1000,1,0,404,86,51026,61354
OCI_404_45_1222912,13.04,77.54,Airtel,70,1800,46,30,Tumkur Road,LTE,1000,1,0,404,45,8107,1222912
OCI_405_861_1049636,13.04,77.54,Jio,70,1800,46,30,Tumkur Road,LTE,1000,1,0,405,861,23,1049636
OCI_405_34_225103,13.04,77.54,Unknown,60,2100,43,30,Tumkur Road,UMTS,1000,1,0,405,34,10003,225103
OCI_404_45_27344583,13.04,77.54,Airtel,60,2100,43,30,Tumkur Road,UMTS,1000,1,0,404,45,34171,27344583
OCI_404_45_14723,13.04,77.54,Airtel,60,2100,43,30,Tumkur Road,UMTS,1000,1,0,404,45,34233,14723
OCI_404_71_20483034,13.04,77.54,BSNL,60,2100,43,30,Tumkur Road,UMTS,1000,1,0,404,71,146,20483034
OCI_405_861_5680,13.04,77.54,Jio,70,1800,46,30,Tumkur Road,LTE,1000,1,0,405,861,23,5680
OCI_404_45_28082951,13.04,77.54,Airtel,60,2100,43,30,Tumkur Road,UMTS,1000,1,0,404,45,54283,28082951
OCI_404_86_30043,13.04,77.54,Vi,65,900,43,35,Tumkur Road,GSM,1000,1,0,404,86,31601,30043
OCI_404_45_28058117,13.04,77.54,Airtel,60,2100,43,30,Tumkur Road,UMTS,1000,1,0,404,45,54283,28058117
OCI_404_44_30793,13.04,77.54,Unknown,65,900,43,35,Tumkur Road,GSM,1000,1,0,404,44,1201,30793
OCI_404_44_30123,13.04,77.54,Unknown,65,900,43,35,Tumkur Road,GSM,1000,1,0,404,44,1201,30123
OCI_404_44_31573,13.04,77.54,Unknown,65,900,43,35,Tumkur Road,GSM,1000,1,0,404,44,1201,31573
OCI_404_44_31592,13.04,77.54,Unknown,65,900,43,35,Tumkur Road,GSM,1000,1,0,404,44,1201,31592
OCI_405_803_12032,13.04,77.55,Unknown,65,900,43,35,Tumkur Road,GSM,1000,1,0,405,803,1171,12032
OCI_405_803_27483,13.04,77.55,Unknown,65,900,43,35,Tumkur Road,GSM,1000,1,0,405,803,1171,27483
OCI_404_45_27337215,13.04,77.55,Airtel,60,2100,43,30,Tumkur Road,UMTS,1000,1,0,404,45,34171,27337215
OCI_404_45_2707376,13.04,77.55,Airtel,60,2100,43,30,Tumkur Road,UMTS,1000,1,0,404,45,34171,2707376
OCI_404_45_23023,13.05,77.57,Airtel,65,900,43,35,Bellary Road,GSM,1000,1,0,404,45,25131,23023
OCI_405_10_50413,13.05,77.57,Airtel,65,900,43,35,Bellary Road,GSM,1000,1,0,405,10,10061,50413
OCI_404_71_20413867,13.05,77.57,BSNL,60,2100,43,30,Bellary Road,UMTS,2010,1,0,404,71,146,20413867
OCI_404_45_10823,13.05,77.57,Airtel,65,900,43,35,Bellary Road,GSM,1000,1,0,404,45,1020,10823
OCI_404_71_46072,13.05,77.57,BSNL,65,900,43,35,Bellary Road,GSM,1000,1,0,404,71,146,46072
OCI_404_45_13712,13.05,77.58,Airtel,65,900,43,35,Bellary Road,GSM,1000,1,0,404,45,1020,13712
OCI_404_45_27582,13.05,77.58,Airtel,65,900,43,35,Bellary Road,GSM,1000,1,0,404,45,25128,27582
OCI_404_44_10964777,13.05,77.58,Unknown,70,1800,46,30,Bellary Road,LTE,1000,1,0,404,44,41017,10964777
OCI_404_45_28111751,13.05,77.57,Airtel,60,2100,43,30,Bellary Road,UMTS,1000,1,0,404,45,54281,28111751
OCI_404_45_27732556,13.05,77.57,Airtel,60,2100,43,30,Bellary Road,UMTS,1000,1,0,404,45,34231,27732556
OCI_405_861_3849521,13.05,77.57,Jio,70,1800,46,30,Bellary Road,LTE,1000,1,0,405,861,23,3849521
OCI_404_71_46192,13.05,77.58,BSNL,65,900,43,35,Bellary Road,GSM,1000,1,0,404,71,146,46192
OCI_404_71_33015845,13.05,77.57,BSNL,60,2100,43,30,Bellary Road,UMTS,1000,1,0,404,71,10001,33015845
OCI_404_45_27583,13.05,77.57,Airtel,65,900,43,35,Bellary Road,GSM,1169,1,0,404,45,25128,27583
OCI_404_45_27732557,13.05,77.57,Airtel,60,2100,43,30,Bellary Road,UMTS,1000,1,0,404,45,34231,27732557
OCI_405_10_22092,13.05,77.57,Airtel,65,900,43,35,Bellary Road,GSM,1000,1,0,405,10,10022,22092
OCI_404_45_28060237,13.05,77.57,Airtel,60,2100,43,30,Bellary Road,UMTS,1000,1,0,404,45,54283,28060237
OCI_404_45_28111756,13.05,77.57,Airtel,60,2100,43,30,Bellary Road,UMTS,1000,1,0,404,45,54283,28111756
OCI_404_45_15723,13.05,77.57,Airtel,65,900,43,35,Bellary Road,GSM,1000,1,0,404,45,25131,15723
OCI_405_861_12050,13.05,77.57,Jio,70,1800,46,30,Bellary Road,LTE,1000,1,0,405,861,23,12050
OCI_404_45_402444,13.05,77.57,Airtel,70,1800,46,30,Bellary Road,LTE,1000,1,0,404,45,8313,402444
OCI_404_45_10822,13.05,77.57,Airtel,65,900,43,35,Bellary Road,GSM,1000,1,0,404,45,25131,10822
OCI_404_71_46193,13.05,77.57,BSNL,65,900,43,35,Bellary Road,GSM,1000,1,0,404,71,146,46193
OCI_405_861_12069,13.05,77.57,Jio,70,1800,46,30,Bellary Road,LTE,1000,1,0,405,861,23,12069
OCI_405_861_12053,13.05,77.57,Jio,70,1800,46,30,Bellary Road,LTE,1000,1,0,405,861,23,12053
OCI_404_45_276994,13.05,77.57,Airtel,70,1800,46,30,Bellary Road,LTE,1000,1,0,404,45,8313,276994
OCI_404_71_20483274,13.05,77.57,BSNL,60,2100,43,30,Bellary Road,UMTS,1000,1,0,404,71,3312,20483274
OCI_404_45_402444,13.05,77.57,Airtel,70,1800,46,30,Bellary Road,LTE,1000,1,0,404,45,8257,402444
OCI_404_44_25683,13.05,77.57,Unknown,65,900,43,35,Bellary Road,GSM,1000,1,0,404,44,1017,25683
OCI_404_45_28060236,13.05,77.57,Airtel,60,2100,43,30,Bellary Road,UMTS,1000,1,0,404,45,54283,28060236
OCI_404_45_6882,12.91,77.63,Airtel,65,900,43,35,Silk Board,GSM,1000,1,0,404,45,9019,6882
OCI_404_86_205059334,12.91,77.62,Vi,70,1800,46,30,Silk Board,LTE,1000,1,0,404,86,54139,205059334
OCI_404_45_206122251,12.91,77.63,Airtel,70,1800,46,30,Silk Board,LTE,1000,1,0,404,45,8258,206122251
OCI_404_86_10131,12.91,77.62,Vi,65,900,43,35,Silk Board,GSM,1000,1,0,404,86,31901,10131
OCI_405_861_24611,12.91,77.62,Jio,70,1800,46,30,Silk Board,LTE,1000,1,0,405,861,19,24611
OCI_404_86_20859764,12.91,77.62,Vi,60,2100,43,30,Silk Board,UMTS,1000,1,0,404,86,21801,20859764
OCI_404_86_205922312,12.91,77.63,Vi,70,1800,46,30,Silk Board,LTE,1000,1,0,404,86,54137,205922312
OCI_405_34_169007,12.91,77.63,Unknown,60,2100,43,30,Silk Board,UMTS,1000,1,0,405,34,10002,169007
OCI_404_86_26602,12.91,77.63,Vi,65,900,43,35,Silk Board,GSM,1000,1,0,404,86,31801,26602
OCI_404_71_56452,12.91,77.62,BSNL,65,900,43,35,Silk Board,GSM,1000,1,0,404,71,156,56452
OCI_404_86_205480966,12.91,77.62,Vi,70,1800,46,30,Silk Board,LTE,1000,1,0,404,86,54137,205480966
OCI_404_44_11090730,12.91,77.63,Unknown,70,1800,46,30,Silk Board,LTE,1000,1,0,404,44,41310,11090730
OCI_405_861_4096021,12.91,77.63,Jio,70,1800,46,30,Silk Board,LTE,1000,1,0,405,861,19,4096021
OCI_404_45_26436639,12.91,77.62,Airtel,60,2100,43,30,Silk Board,UMTS,1000,1,0,404,45,34034,26436639
OCI_404_44_10939689,12.91,77.63,Unknown,70,1800,46,30,Silk Board,LTE,1000,1,0,404,44,41310,10939689
OCI_404_71_20991915,12.91,77.63,BSNL,60,2100,43,30,Silk Board,UMTS,1000,1,0,404,71,3320,20991915
OCI_404_45_26417890,12.91,77.63,Airtel,60,2100,43,30,Silk Board,UMTS,1000,1,0,404,45,34034,26417890
OCI_404_44_11307307,12.91,77.63,Unknown,70,1800,46,30,Silk Board,LTE,1000,1,0,404,44,41310,11307307
OCI_404_45_33171,12.91,77.63,Airtel,65,900,43,35,Silk Board,GSM,1000,1,0,404,45,25072,33171
OCI_404_45_36471,12.91,77.63,Airtel,65,900,43,35,Silk Board,GSM,1000,1,0,404,45,25072,36471
OCI_404_45_36473,12.91,77.63,Airtel,65,900,43,35,Silk Board,GSM,1000,1,0,404,45,25072,36473
OCI_404_86_10131,12.91,77.62,Vi,65,900,43,35,Silk Board,GSM,1000,1,0,404,86,33203,10131
OCI_405_861_166417,12.91,77.62,Jio,70,1800,46,30,Silk Board,LTE,1000,1,0,405,861,25,166417
OCI_404_44_1043,12.91,77.62,Unknown,65,900,43,35,Silk Board,GSM,1000,1,0,404,44,1311,1043
OCI_405_861_25619,12.91,77.62,Jio,70,1800,46,30,Silk Board,LTE,1000,1,0,405,861,19,25619
OCI_404_45_26426536,12.91,77.63,Airtel,60,2100,43,30,Silk Board,UMTS,1000,1,0,404,45,34034,26426536
OCI_404_45_6883,12.91,77.63,Airtel,65,900,43,35,Silk Board,GSM,1000,1,0,404,45,25072,6883
OCI_404_45_26417897,12.91,77.63,Airtel,60,2100,43,30,Silk Board,UMTS,1000,1,0,404,45,34034,26417897
OCI_404_86_17092,12.91,77.63,Vi,65,900,43,35,Silk Board,GSM,1000,1,0,404,86,51003,17092
OCI_404_45_25633,12.91,77.63,Airtel,65,900,43,35,Silk Board,GSM,1000,1,0,404,45,25072,25633
OCI_404_86_17862,13.01,77.51,Vi,65,900,43,35,Peenya,GSM,1000,1,0,404,86,32012,17862
OCI_404_45_27852717,13.01,77.5,Airtel,60,2100,43,30,Peenya,UMTS,1000,1,0,404,45,34241,27852717
OCI_404_86_1312,13.01,77.5,Vi,65,900,43,35,Peenya,GSM,1000,1,0,404,86,50045,1312
OCI_404_86_21031588,13.01,77.5,Vi,60,2100,43,30,Peenya,UMTS,1000,1,0,404,86,22001,21031588
OCI_404_86_21036358,13.01,77.5,Vi,60,2100,43,30,Peenya,UMTS,1000,1,0,404,86,22001,21036358
OCI_405_34_37750864,13.01,77.51,Unknown,60,2100,43,30,Peenya,UMTS,1000,1,0,405,34,10003,37750864
OCI_404_71_20484823,13.01,77.51,BSNL,60,2100,43,30,Peenya,UMTS,1000,1,0,404,71,3312,20484823
OCI_404_44_65102,13.01,77.51,Unknown,65,900,43,35,Peenya,GSM,1000,1,0,404,44,1370,65102
OCI_404_44_65103,13.01,77.51,Unknown,65,900,43,35,Peenya,GSM,1000,1,0,404,44,1370,65103
OCI_404_44_65101,13.01,77.51,Unknown,65,900,43,35,Peenya,GSM,1000,1,0,404,44,1370,65101
OCI_404_45_11601,13.01,77.51,Airtel,65,900,43,35,Peenya,GSM,1000,1,0,404,45,26371,11601
OCI_404_45_454657,13.01,77.51,Airtel,70,1800,46,30,Peenya,LTE,1000,1,0,404,45,8090,454657
OCI_404_45_27852716,13.01,77.51,Airtel,60,2100,43,30,Peenya,UMTS,1000,1,0,404,45,34241,27852716
OCI_404_45_487424,13.01,77.51,Airtel,70,1800,46,30,Peenya,LTE,1000,1,0,404,45,8223,487424
OCI_404_45_355585,13.01,77.51,Airtel,70,1800,46,30,Peenya,LTE,1000,1,0,404,45,8223,355585
OCI_404_44_10910763,13.01,77.51,Unknown,70,1800,46,30,Peenya,LTE,1000,1,0,404,44,41370,10910763
OCI_404_44_10910762,13.01,77.51,Unknown,70,1800,46,30,Peenya,LTE,1000,1,0,404,44,41370,10910762
OCI_404_45_27821015,13.01,77.51,Airtel,60,2100,43,30,Peenya,UMTS,1000,1,0,404,45,34241,27821015
OCI_404_45_21291,13.01,77.51,Airtel,65,900,43,35,Peenya,GSM,1000,1,0,404,45,26371,21291
OCI_405_34_207465,13.01,77.51,Unknown,60,2100,43,30,Peenya,UMTS,1000,1,0,405,34,10003,207465
OCI_404_45_27801155,13.01,77.51,Airtel,60,2100,43,30,Peenya,UMTS,1000,1,0,404,45,34241,27801155
OCI_404_86_8153,13.01,77.51,Vi,65,900,43,35,Peenya,GSM,1000,1,0,404,86,32012,8153
OCI_404_86_4312,13.01,77.51,Vi,65,900,43,35,Peenya,GSM,1000,1,0,404,86,32012,4312
OCI_404_45_3522,13.01,77.5,Airtel,65,900,43,35,Peenya,GSM,1000,1,0,404,45,25102,3522
OCI_404_86_17861,13.01,77.5,Vi,65,900,43,35,Peenya,GSM,1000,1,0,404,86,32012,17861
OCI_405_34_24332,13.01,77.5,Unknown,65,900,43,35,Peenya,GSM,1000,1,0,405,34,11800,24332
OCI_405_34_24331,13.01,77.51,Unknown,65,900,43,35,Peenya,GSM,1000,1,0,405,34,11800,24331
OCI_405_34_207074,13.01,77.5,Unknown,60,2100,43,30,Peenya,UMTS,1000,1,0,405,34,10003,207074
OCI_404_45_27790793,13.01,77.5,Airtel,60,2100,43,30,Peenya,UMTS,1000,1,0,404,45,34241,27790793
OCI_404_45_27790785,13.01,77.5,Airtel,60,2100,43,30,Peenya,UMTS,1000,1,0,404,45,34241,27790785
OCI_404_45_750593,12.9,77.68,Airtel,70,1800,46,30,Sarjapur Road,LTE,1000,1,0,404,45,8244,750593
OCI_404_44_2652,12.9,77.68,Unknown,65,900,43,35,Sarjapur Road,GSM,1000,1,0,404,44,1312,2652
OCI_404_45_29322,12.9,77.68,Airtel,65,900,43,35,Sarjapur Road,GSM,1000,1,0,404,45,25063,29322
OCI_404_45_27448150,12.9,77.67,Airtel,60,2100,43,30,Sarjapur Road,UMTS,1000,1,0,404,45,34032,27448150
OCI_405_34_175368,12.9,77.68,Unknown,60,2100,43,30,Sarjapur Road,UMTS,1000,1,0,405,34,10002,175368
OCI_404_44_2651,12.9,77.68,Unknown,65,900,43,35,Sarjapur Road,GSM,1000,1,0,404,44,1311,2651
OCI_404_86_47703,12.9,77.68,Vi,65,900,43,35,Sarjapur Road,GSM,1000,1,0,404,86,50034,47703
OCI_405_10_60033,12.9,77.68,Airtel,65,900,43,35,Sarjapur Road,GSM,1000,1,0,405,10,10051,60033
OCI_404_45_27423376,12.9,77.68,Airtel,60,2100,43,30,Sarjapur Road,UMTS,1000,1,0,404,45,34184,27423376
OCI_405_861_1612306,12.9,77.68,Jio,70,1800,46,30,Sarjapur Road,LTE,1000,1,0,405,861,15,1612306
OCI_404_45_28137115,12.9,77.68,Airtel,60,2100,43,30,Sarjapur Road,UMTS,1000,1,0,404,45,34291,28137115
OCI_405_34_44296,12.9,77.68,Unknown,65,900,43,35,Sarjapur Road,GSM,1000,1,0,405,34,10002,44296
OCI_404_45_29322,12.9,77.68,Airtel,65,900,43,35,Sarjapur Road,GSM,1000,1,0,404,45,1628,29322
OCI_404_86_39693,12.9,77.67,Vi,65,900,43,35,Sarjapur Road,GSM,1000,1,0,404,86,31804,39693
OCI_404_45_23461,12.9,77.68,Airtel,65,900,43,35,Sarjapur Road,GSM,1000,1,0,404,45,25063,23461
OCI_404_44_2673,12.9,77.67,Unknown,65,900,43,35,Sarjapur Road,GSM,1000,1,0,404,44,1312,2673
OCI_404_45_1384961,12.9,77.67,Airtel,70,1800,46,30,Sarjapur Road,LTE,1000,1,0,404,45,8668,1384961
OCI_404_45_29321,12.9,77.67,Airtel,65,900,43,35,Sarjapur Road,GSM,1000,1,0,404,45,25063,29321
OCI_404_44_2701,12.9,77.67,Unknown,65,900,43,35,Sarjapur Road,GSM,1514,1,0,404,44,1312,2701
OCI_404_45_56793,12.9,77.67,Airtel,65,900,43,35,Sarjapur Road,GSM,1000,1,0,404,45,1628,56793
OCI_404_45_27423369,12.9,77.68,Airtel,60,2100,43,30,Sarjapur Road,UMTS,1000,1,0,404,45,34182,27423369
OCI_404_45_29321,12.9,77.68,Airtel,65,900,43,35,Sarjapur Road,GSM,1000,1,0,404,45,1628,29321
OCI_404_86_45462,12.9,77.68,Vi,65,900,43,35,Sarjapur Road,GSM,1000,1,0,404,86,50034,45462
OCI_404_86_39691,12.9,77.68,Vi,65,900,43,35,Sarjapur Road,GSM,1000,1,0,404,86,31804,39691
OCI_404_45_27423375,12.9,77.68,Airtel,60,2100,43,30,Sarjapur Road,UMTS,1000,1,0,404,45,34184,27423375
OCI_405_34_5183,12.9,77.68,Unknown,65,900,43,35,Sarjapur Road,GSM,1000,1,0,405,34,19001,5183
OCI_404_45_22171,12.9,77.67,Airtel,65,900,43,35,Sarjapur Road,GSM,1067,1,0,404,45,25071,22171
OCI_404_45_12593,12.9,77.67,Airtel,65,900,43,35,Sarjapur Road,GSM,1000,1,0,404,45,25063,12593
OCI_404_86_39693,12.9,77.67,Vi,65,900,43,35,Sarjapur Road,GSM,1000,1,0,404,86,50034,39693
OCI_404_45_42423,12.9,77.67,Airtel,65,900,43,35,Sarjapur Road,GSM,1000,1,0,404,45,25063,42423
